,battery,weight,monitor_size,ram_capacity,SSD_capacity,cpu_core_num,cpu_thread_num,avg_bench,gamming,desktop,workstation,gpu_score,website_thinkpro,cpu_brand_Apple,laptop_brand_Asus,laptop_brand_Dell,laptop_brand_Lenovo,laptop_brand_Other,laptop_brand_Razer,price
0,62.0,1.43,14.0,16.0,512.0,6.0,12.0,76.8,77.0,81.0,72.0,121.0,1.0,0.0,0.0,0.0,1.0,0.0,0.0,23490000.0
1,50.0,1.0,14.0,8.0,512.0,12.0,16.0,94.8,95.0,97.0,94.0,139.0,0.0,0.0,1.0,0.0,0.0,0.0,0.0,19490000.0
2,80.0,2.5,16.0,32.0,1024.0,8.0,16.0,78.2,78.0,81.0,76.0,121.0,1.0,0.0,0.0,0.0,1.0,0.0,0.0,79990000.0
3,85.4,1.608,17.0,16.0,1024.0,12.0,20.0,114.0,114.0,114.0,126.0,139.0,0.0,1.0,0.0,0.0,0.0,0.0,0.0,45990000.0
4,56.5,1.0,14.0,16.0,512.0,9.6,14.4,74.52000000000001,74.4,79.4,70.2,112.94000000000001,0.0,0.0,0.0,0.0,1.0,0.0,0.0,22990000.0
5,76.0,1.0,14.0,32.0,1024.0,9.6,16.8,90.76,90.8,92.8,91.0,64.5,0.0,0.0,1.0,0.0,0.0,0.0,0.0,53690000.0
6,80.0,2.0,15.6,8.0,512.0,9.2,13.6,79.16,79.0,84.6,75.2,58.5,0.0,0.0,0.0,0.0,0.0,1.0,0.0,25990000.0
7,62.0,1.78,14.0,16.0,1024.0,8.0,16.0,78.2,78.0,81.0,76.0,112.0,1.0,0.0,0.0,0.0,0.0,0.0,1.0,59990000.0
8,48.0,2.0,15.6,8.0,512.0,6.8,12.8,73.86,73.8,77.0,68.4,53.7,0.0,0.0,1.0,0.0,0.0,0.0,0.0,17990000.0
9,52.0,1.69,15.6,16.0,512.0,4.0,8.0,60.9,61.0,69.0,51.0,139.0,1.0,0.0,0.0,0.0,0.0,0.0,0.0,34990000.0
10,76.6,1.6460000000000001,16.1,16.0,512.0,14.0,20.0,98.1,98.0,100.0,104.0,58.5,0.0,0.0,0.0,0.0,0.0,0.0,0.0,30990000.0
11,56.0,1.0,13.4,16.0,1024.0,14.0,20.0,100.0,100.0,103.0,106.0,58.0,0.0,0.0,1.0,0.0,0.0,0.0,0.0,55490000.0
12,56.0,2.2,15.6,8.0,512.0,8.0,16.0,78.1,78.0,81.0,77.0,121.0,1.0,0.0,1.0,0.0,0.0,0.0,0.0,42990000.0
13,71.42,1.8192,16.0,24.0,1024.0,8.0,16.0,90.7,91.0,92.0,91.0,88.6,0.0,0.0,1.0,0.0,0.0,0.0,0.0,46990000.0
14,41.0,1.0,15.6,4.0,512.0,4.0,8.0,65.5,65.0,72.0,55.0,112.0,0.0,0.0,0.0,0.0,0.0,0.0,0.0,12990000.0
15,42.0,0.8,13.0,8.0,512.0,4.0,8.0,56.4,56.0,62.0,44.0,9.64,1.0,0.0,0.0,0.0,1.0,0.0,0.0,28490000.0
16,60.0,2.0,15.6,8.0,512.0,6.4,10.4,70.97999999999999,70.6,77.6,63.4,58.5,0.0,0.0,0.0,0.0,1.0,0.0,0.0,23790000.0
17,2.0,1.46,14.0,8.0,256.0,6.0,6.0,93.2,93.0,95.0,77.0,139.0,0.0,0.0,0.0,0.0,0.0,0.0,0.0,28290000.0
18,67.0,1.2,13.0,16.0,1024.0,4.0,8.0,63.2,63.0,71.0,52.0,139.0,1.0,0.0,1.0,0.0,0.0,0.0,0.0,39990000.0
19,48.0,1.6,14.0,8.0,256.0,4.0,8.0,51.6,52.0,56.0,41.0,9.64,1.0,0.0,0.0,0.0,1.0,0.0,0.0,9990000.0
20,51.0,1.86,15.6,8.0,512.0,8.0,16.0,87.9,88.0,90.0,86.0,36.2,1.0,0.0,0.0,0.0,0.0,0.0,0.0,20990000.0
21,42.0,1.25,13.0,8.0,256.0,4.0,8.0,59.6,60.0,66.0,47.0,9.64,1.0,0.0,0.0,1.0,0.0,0.0,0.0,18490000.0
22,80.0,1.48,16.0,16.0,512.0,12.0,16.0,73.8,74.0,80.0,70.0,139.0,1.0,0.0,0.0,0.0,0.0,0.0,0.0,30990000.0
23,56.0,1.48,14.0,8.0,256.0,4.0,8.0,57.3,57.0,63.0,45.0,9.64,1.0,0.0,0.0,1.0,0.0,0.0,0.0,15990000.0
24,71.42,1.8192,16.0,16.0,512.0,12.0,20.0,114.0,114.0,114.0,126.0,139.0,0.0,1.0,0.0,0.0,0.0,0.0,0.0,46990000.0
25,80.0,2.19,15.0,16.0,512.0,6.0,12.0,70.1,70.0,74.0,59.0,79.8,1.0,0.0,0.0,0.0,0.0,0.0,1.0,34990000.0
26,68.8,1.4,14.0,16.0,512.0,4.0,8.0,63.2,63.0,71.0,52.0,139.0,0.0,0.0,0.0,0.0,0.0,0.0,0.0,25990000.0
27,62.0,1.43,14.0,16.0,512.0,12.0,16.0,94.8,95.0,97.0,94.0,36.0,1.0,0.0,0.0,0.0,1.0,0.0,0.0,29490000.0
28,56.5,1.38,14.0,16.0,512.0,8.0,16.0,70.6,71.0,73.0,68.0,121.0,1.0,0.0,0.0,0.0,1.0,0.0,0.0,23990000.0
29,58.0,1.36,14.0,8.0,512.0,4.0,8.0,60.2,60.0,67.0,50.0,15.5,1.0,0.0,0.0,0.0,0.0,0.0,0.0,21290000.0
30,71.92,1.3437999999999999,15.6,16.0,1024.0,10.8,14.8,76.26,76.2,81.8,73.2,139.0,0.0,0.0,1.0,0.0,0.0,0.0,0.0,40990000.0
31,39.3,1.7,15.6,8.0,512.0,6.0,12.0,72.9,73.2,73.2,59.6,121.0,1.0,0.0,0.0,0.0,0.0,1.0,0.0,7790000.0
32,68.8,1.4,15.6,16.0,512.0,9.2,13.6,79.16000000000001,79.0,84.6,75.2,88.6,0.0,0.0,0.0,0.0,0.0,0.0,0.0,25990000.0
33,83.0,1.74,15.0,16.0,256.0,8.0,16.0,81.2,81.0,84.0,76.0,76.2,1.0,0.0,0.0,0.0,0.0,0.0,0.0,43990000.0
34,45.0,1.25,13.0,8.0,256.0,4.0,8.0,53.1,53.0,58.0,41.0,9.64,1.0,0.0,0.0,0.0,0.0,0.0,0.0,21990000.0
35,80.0,1.35,17.0,16.0,512.0,12.0,16.0,73.8,74.0,80.0,70.0,139.0,1.0,0.0,0.0,0.0,0.0,0.0,0.0,30990000.0
36,41.0,1.69,15.0,8.0,512.0,4.0,8.0,63.2,63.0,71.0,52.0,139.0,1.0,0.0,0.0,0.0,0.0,0.0,0.0,18490000.0
37,71.0,1.8,15.6,32.0,1024.0,8.0,16.0,79.1,79.0,81.0,74.0,56.8,1.0,0.0,0.0,0.0,1.0,0.0,0.0,56990000.0
38,64.0,1.5320000000000003,15.6,16.0,512.0,6.8,12.0,72.8,72.8,77.6,66.8,139.0,0.0,0.0,0.0,0.0,0.0,0.0,0.0,30290000.0
39,90.0,2.48,15.6,32.0,1024.0,8.0,16.0,78.2,78.0,81.0,76.0,121.0,1.0,0.0,1.0,0.0,0.0,0.0,0.0,110000000.0
40,53.0,1.886,14.0,4.0,256.0,4.0,8.0,60.2,60.0,67.0,50.0,15.0,1.0,0.0,0.0,1.0,0.0,0.0,0.0,21690000.0
41,55.0,1.34,13.0,16.0,256.0,4.0,8.0,63.2,63.0,71.0,52.0,11.0,1.0,0.0,0.0,0.0,0.0,0.0,1.0,31990000.0
42,63.0,1.4,14.0,16.0,512.0,8.0,14.4,94.8,95.0,97.0,94.0,139.0,1.0,0.0,1.0,0.0,0.0,0.0,0.0,33990000.0
43,90.0,1.81,16.0,16.0,512.0,8.0,16.0,89.2,89.0,92.0,88.0,35.0,1.0,0.0,0.0,0.0,1.0,0.0,0.0,54990000.0
44,80.0,2.0,15.6,16.0,512.0,8.4,15.0,84.33999999999999,84.4,86.8,82.0,58.5,0.0,0.0,0.0,0.0,1.0,0.0,0.0,33590000.0
45,80.0,1.15,15.6,16.0,1024.0,8.0,12.0,73.8,74.0,80.0,70.0,139.0,1.0,0.0,0.0,0.0,0.0,0.0,0.0,27990000.0
46,50.5,1.634,16.1,8.0,512.0,8.4,12.8,78.55999999999999,78.4,83.0,73.0,58.5,0.0,0.0,0.0,0.0,0.0,0.0,0.0,23990000.0
47,48.0,1.6640000000000001,15.6,8.0,256.0,6.0,12.0,69.5,69.0,71.0,63.0,42.9,1.0,0.0,0.0,0.0,0.0,0.0,0.0,20990000.0
48,65.0,1.36,14.0,16.0,512.0,6.0,12.0,69.6,70.0,74.0,62.0,121.0,1.0,0.0,0.0,0.0,1.0,0.0,0.0,35990000.0
49,42.0,1.1800000000000002,15.6,4.0,256.0,4.0,8.0,65.5,65.0,72.0,55.0,112.0,1.0,0.0,0.0,1.0,0.0,0.0,0.0,15190000.0
50,53.5,2.35,15.6,8.0,512.0,8.0,16.0,75.1,75.0,78.0,72.0,42.6,1.0,0.0,0.0,0.0,0.0,0.0,0.0,17990000.0
51,72.0,0.999,14.0,16.0,512.0,12.0,16.0,73.8,74.0,80.0,70.0,139.0,1.0,0.0,0.0,0.0,0.0,0.0,0.0,33990000.0
52,54.0,1.55,14.0,8.0,512.0,6.0,12.0,63.6,64.0,72.0,59.0,112.0,1.0,0.0,0.0,1.0,0.0,0.0,0.0,21990000.0
53,49.0,1.3,13.3,8.0,256.0,4.0,8.0,93.2,93.0,95.0,77.0,7.0,1.0,0.0,0.0,0.0,0.0,0.0,0.0,21990000.0
54,6.0,1.0,14.5,16.0,1024.0,14.0,20.0,98.1,98.0,100.0,104.0,58.5,0.0,0.0,1.0,0.0,0.0,0.0,0.0,53990000.0
55,54.0,1.466,14.0,8.0,256.0,4.0,8.0,60.2,60.0,67.0,50.0,139.0,1.0,0.0,0.0,1.0,0.0,0.0,0.0,22490000.0
56,51.0,2.34,15.0,16.0,512.0,6.0,12.0,76.8,77.0,80.0,67.0,76.2,1.0,0.0,0.0,1.0,0.0,0.0,0.0,29690000.0
57,45.0,1.7,15.6,8.0,256.0,6.0,12.0,68.5,69.0,71.0,62.0,121.0,1.0,0.0,0.0,0.0,1.0,0.0,0.0,21990000.0
58,42.0,1.8,15.6,8.0,512.0,8.0,8.0,75.2,75.0,76.0,67.0,121.0,1.0,0.0,1.0,0.0,0.0,0.0,0.0,17690000.0
59,70.0,1.68,14.5,16.0,512.0,14.0,20.0,98.1,98.0,100.0,104.0,58.5,1.0,0.0,1.0,0.0,0.0,0.0,0.0,37990000.0
60,63.0,1.4,14.0,8.0,512.0,8.0,16.0,75.1,75.0,78.0,72.0,121.0,1.0,0.0,1.0,0.0,0.0,0.0,0.0,18790000.0
61,86.0,2.51,17.0,16.0,512.0,8.0,16.0,78.8,79.0,81.0,73.0,76.2,1.0,0.0,0.0,1.0,0.0,0.0,0.0,64990000.0
62,40.0,1.7,15.6,8.0,512.0,6.0,8.0,68.5,68.0,78.0,59.0,112.0,1.0,0.0,0.0,0.0,0.0,0.0,0.0,13990000.0
63,39.6,1.332,15.6,8.0,512.0,4.8,7.6,62.28000000000001,62.0,68.4,51.8,10.3,0.0,0.0,0.0,0.0,1.0,0.0,0.0,13990000.0
64,43.0,1.0,15.6,8.0,256.0,6.0,8.0,68.5,68.0,78.0,59.0,112.0,0.0,0.0,0.0,0.0,0.0,0.0,0.0,13690000.0
65,86.0,2.69,15.6,32.0,1024.0,8.0,16.0,87.9,88.0,90.0,86.0,112.0,1.0,0.0,0.0,1.0,0.0,0.0,0.0,66490000.0
66,60.0,2.3,15.6,8.0,512.0,8.0,16.0,79.44000000000001,79.6,85.0,76.8,121.0,1.0,0.0,0.0,0.0,1.0,0.0,0.0,27490000.0
67,80.0,2.01,15.6,32.0,1024.0,14.0,20.0,100.0,100.0,103.0,106.0,139.0,1.0,0.0,0.0,0.0,0.0,0.0,1.0,129990000.0
68,67.0,1.3,13.3,8.0,512.0,4.0,8.0,60.2,60.0,67.0,50.0,139.0,1.0,0.0,0.0,0.0,0.0,0.0,0.0,20790000.0
69,45.0,1.0,15.6,8.0,512.0,5.6,9.6,68.72,68.8,76.0,61.0,10.3,0.0,0.0,0.0,0.0,1.0,0.0,0.0,14490000.0
70,63.0,1.584,13.3,16.0,256.0,7.2,10.4,72.4,72.0,78.0,70.0,139.0,1.0,0.0,0.0,0.0,0.0,0.0,0.0,39000000.0
71,61.0,1.4,14.0,16.0,1024.0,8.0,16.0,78.2,78.0,81.0,76.0,121.0,1.0,0.0,0.0,0.0,1.0,0.0,0.0,22990000.0
72,75.0,1.39,14.0,16.0,512.0,12.0,16.0,73.8,74.0,80.0,70.0,139.0,1.0,0.0,1.0,0.0,0.0,0.0,0.0,28290000.0
73,55.0,1.26,13.4,8.0,512.0,12.0,16.0,72.4,72.0,78.0,70.0,139.0,1.0,0.0,0.0,1.0,0.0,0.0,0.0,37990000.0
74,42.0,1.56,15.6,8.0,512.0,4.0,8.0,60.2,60.0,67.0,50.0,88.6,1.0,0.0,0.0,0.0,0.0,0.0,0.0,13990000.0
75,42.0,1.8,15.6,8.0,512.0,4.0,8.0,48.1,48.0,52.0,40.0,11.9,1.0,0.0,0.0,1.0,0.0,0.0,0.0,20290000.0
76,80.0,2.0,15.6,16.0,512.0,12.0,16.0,94.8,95.0,97.0,94.0,58.5,0.0,0.0,0.0,0.0,1.0,0.0,0.0,33690000.0
77,6.0,1.0,14.0,8.0,512.0,7.6,14.4,78.1,78.2,80.6,75.2,58.5,0.0,0.0,1.0,0.0,0.0,0.0,0.0,28990000.0
78,80.0,2.49,16.0,16.0,1024.0,14.0,20.0,98.1,98.0,100.0,104.0,88.6,1.0,0.0,0.0,0.0,1.0,0.0,0.0,36990000.0
79,45.0,2.25,15.6,8.0,512.0,6.0,12.0,73.0,73.0,76.0,67.0,53.7,1.0,0.0,0.0,0.0,1.0,0.0,0.0,22490000.0
80,71.42,1.8191999999999997,17.3,32.0,1024.0,8.0,16.0,90.7,91.0,92.0,91.0,121.0,0.0,0.0,0.0,0.0,0.0,0.0,0.0,46990000.0
81,76.0,1.6,14.0,16.0,512.0,8.0,16.0,73.6,74.0,75.0,73.0,88.6,1.0,0.0,1.0,0.0,0.0,0.0,0.0,28990000.0
82,57.0,1.1,14.0,16.0,256.0,4.0,8.0,17.6,18.0,20.0,12.0,9.64,1.0,0.0,0.0,0.0,1.0,0.0,0.0,22990000.0
83,43.0,1.61,14.0,8.0,512.0,4.0,8.0,60.2,60.0,67.0,50.0,139.0,1.0,0.0,0.0,0.0,0.0,0.0,0.0,19190000.0
84,60.0,2.4,15.6,8.0,512.0,8.0,16.0,87.9,88.0,90.0,86.0,58.5,1.0,0.0,0.0,0.0,1.0,0.0,0.0,35990000.0
85,72.0,0.999,14.0,8.0,256.0,12.0,16.0,72.4,72.0,78.0,70.0,139.0,1.0,0.0,0.0,0.0,0.0,0.0,0.0,29290000.0
86,50.0,1.55,14.0,16.0,512.0,6.0,12.0,69.6,70.0,74.0,62.0,121.0,1.0,0.0,0.0,0.0,1.0,0.0,0.0,26990000.0
87,42.0,1.0,14.0,8.0,512.0,12.0,16.0,72.4,72.0,78.0,70.0,139.0,0.0,0.0,1.0,0.0,0.0,0.0,0.0,16990000.0
88,42.0,1.45,15.6,8.0,512.0,4.0,8.0,60.2,60.0,67.0,50.0,15.0,1.0,0.0,0.0,1.0,0.0,0.0,0.0,15790000.0
89,45.0,1.328,14.0,8.0,512.0,5.6,9.6,64.47999999999999,64.2,71.2,55.8,121.0,0.0,0.0,0.0,0.0,1.0,0.0,0.0,16490000.0
90,41.0,1.69,15.6,8.0,512.0,10.0,12.0,65.2,65.0,75.0,59.0,139.0,1.0,0.0,0.0,0.0,0.0,0.0,0.0,19890000.0
91,90.0,2.0,15.6,8.0,512.0,8.0,16.0,87.9,88.0,90.0,86.0,88.6,0.0,0.0,1.0,0.0,0.0,0.0,0.0,28690000.0
92,45.0,1.29,13.5,8.0,128.0,4.0,8.0,57.7,58.0,63.0,47.0,11.0,1.0,0.0,0.0,0.0,0.0,0.0,0.0,14390000.0
93,52.0,1.6,15.6,8.0,512.0,8.0,16.0,72.3,72.0,74.0,69.0,121.0,1.0,0.0,0.0,0.0,0.0,0.0,0.0,17490000.0
94,41.8,1.188,15.6,8.0,256.0,6.0,12.0,53.4,53.4,59.6,41.4,8.98,0.0,0.0,0.0,0.0,0.0,0.0,0.0,15990000.0
95,99.0,2.2,15.6,16.0,512.0,8.0,16.0,87.9,88.0,90.0,86.0,88.6,1.0,0.0,0.0,0.0,0.0,0.0,0.0,39990000.0
96,42.0,1.5,14.0,8.0,512.0,4.0,8.0,60.2,60.0,67.0,50.0,139.0,1.0,0.0,1.0,0.0,0.0,0.0,0.0,17690000.0
97,42.0,1.4,14.0,8.0,512.0,4.0,8.0,60.2,60.0,67.0,50.0,139.0,1.0,0.0,1.0,0.0,0.0,0.0,0.0,18790000.0
98,42.0,1.48,15.6,8.0,256.0,4.0,8.0,48.8,49.0,52.0,42.0,8.98,1.0,0.0,0.0,1.0,0.0,0.0,0.0,11990000.0
99,79.0,1.8240000000000003,16.0,16.0,512.0,6.0,6.0,93.2,93.0,95.0,77.0,139.0,0.0,0.0,0.0,0.0,0.0,0.0,0.0,39390000.0
100,42.0,1.24,13.0,16.0,256.0,4.0,8.0,59.6,60.0,66.0,47.0,9.64,1.0,0.0,0.0,1.0,0.0,0.0,0.0,19990000.0
101,78.3,2.164,16.0,16.0,1024.0,12.0,20.0,114.0,114.0,114.0,126.0,139.0,0.0,0.0,0.0,0.0,0.0,0.0,0.0,48990000.0
102,58.0,1.743,14.4,16.0,512.0,4.0,8.0,66.4,66.0,73.0,57.0,139.0,1.0,0.0,0.0,0.0,0.0,0.0,0.0,44990000.0
103,52.0,1.29,14.0,16.0,512.0,4.0,8.0,60.9,61.0,69.0,51.0,139.0,1.0,0.0,0.0,0.0,0.0,0.0,0.0,29990000.0
104,48.0,1.56,14.0,16.0,512.0,6.0,12.0,69.5,69.0,71.0,63.0,121.0,1.0,0.0,0.0,0.0,0.0,0.0,0.0,17890000.0
105,45.0,1.7,15.6,8.0,512.0,6.0,12.0,69.5,69.0,71.0,63.0,121.0,1.0,0.0,0.0,0.0,1.0,0.0,0.0,19300000.0
106,45.0,0.77,12.3,8.0,128.0,4.0,8.0,53.1,53.0,58.0,41.0,9.64,1.0,0.0,0.0,0.0,0.0,0.0,0.0,9990000.0
107,43.3,1.75,15.6,8.0,512.0,6.0,12.0,56.0,55.8,62.2,46.2,121.0,0.0,0.0,0.0,0.0,1.0,0.0,0.0,12490000.0
108,56.7,1.45,14.0,16.0,512.0,6.0,12.0,73.0,73.0,76.0,67.0,58.5,1.0,0.0,1.0,0.0,0.0,0.0,0.0,28990000.0
109,43.0,1.61,14.0,4.0,256.0,2.0,4.0,49.6,50.0,61.0,38.0,5.0,1.0,0.0,0.0,0.0,0.0,0.0,0.0,14490000.0
110,47.4,1.388,15.6,8.0,512.0,12.0,16.0,94.8,95.0,97.0,94.0,139.0,0.0,0.0,1.0,0.0,0.0,0.0,0.0,18990000.0
111,70.2,2.0,15.6,16.0,1024.0,14.0,20.0,98.1,98.0,100.0,104.0,121.0,0.0,0.0,0.0,0.0,0.0,0.0,0.0,49990000.0
112,41.0,1.306,15.6,4.0,128.0,4.0,4.0,74.9,75.2,76.6,60.8,112.0,0.0,0.0,0.0,1.0,0.0,0.0,0.0,8990000.0
113,39.3,1.4,14.0,8.0,512.0,10.0,12.0,63.6,64.0,72.0,59.0,139.0,1.0,0.0,0.0,0.0,0.0,0.0,0.0,17990000.0
114,50.0,1.5,14.0,16.0,512.0,8.0,16.0,75.1,75.0,78.0,72.0,121.0,1.0,0.0,1.0,0.0,0.0,0.0,0.0,21990000.0
115,57.5,2.2,15.6,8.0,256.0,6.0,12.0,74.5,74.0,78.0,69.0,41.0,1.0,0.0,0.0,0.0,0.0,0.0,0.0,21490000.0
116,76.0,2.0,15.6,8.0,512.0,8.0,12.0,82.4,82.0,87.0,77.0,58.5,1.0,0.0,1.0,0.0,0.0,0.0,0.0,28990000.0
117,85.0,2.11,15.6,8.0,256.0,8.0,16.0,87.9,88.0,90.0,86.0,58.5,1.0,0.0,0.0,1.0,0.0,0.0,0.0,29990000.0
118,48.0,1.7,15.0,8.0,512.0,4.0,8.0,60.2,60.0,67.0,50.0,139.0,1.0,0.0,0.0,0.0,0.0,0.0,0.0,17590000.0
119,80.0,1.7,15.0,16.0,512.0,6.0,12.0,79.5,79.0,83.0,70.0,25.0,1.0,0.0,0.0,0.0,1.0,0.0,0.0,36990000.0
120,68.0,1.07,15.6,8.0,512.0,4.0,8.0,60.2,60.0,67.0,50.0,139.0,1.0,0.0,0.0,0.0,0.0,0.0,0.0,24990000.0
121,86.0,1.92,15.6,16.0,512.0,14.0,20.0,98.1,98.0,100.0,104.0,58.5,1.0,0.0,0.0,1.0,0.0,0.0,0.0,47990000.0
122,48.0,1.8,15.0,8.0,256.0,2.0,4.0,49.6,50.0,61.0,38.0,15.0,1.0,0.0,0.0,0.0,0.0,0.0,0.0,12990000.0
123,80.0,2.14,15.0,16.0,512.0,6.0,12.0,79.5,79.0,83.0,70.0,112.0,1.0,0.0,0.0,0.0,0.0,0.0,1.0,69990000.0
124,56.0,1.23,13.3,16.0,1024.0,6.0,12.0,76.8,77.0,81.0,72.0,10.0,1.0,0.0,0.0,0.0,0.0,1.0,0.0,16080000.0
125,70.0,1.62,14.0,8.0,512.0,4.0,8.0,60.2,60.0,67.0,50.0,139.0,1.0,0.0,1.0,0.0,0.0,0.0,0.0,32990000.0
126,54.0,1.75,15.6,8.0,256.0,6.0,12.0,69.5,69.0,71.0,63.0,106.8,1.0,0.0,0.0,1.0,0.0,0.0,0.0,13990000.0
127,67.0,1.1,13.3,8.0,512.0,4.0,8.0,60.2,60.0,67.0,50.0,139.0,1.0,0.0,1.0,0.0,0.0,0.0,0.0,24790000.0
128,48.0,0.907,13.0,16.0,512.0,4.0,8.0,68.8,69.0,78.0,58.0,139.0,1.0,0.0,0.0,0.0,1.0,0.0,0.0,27490000.0
129,80.0,1.35,17.0,16.0,256.0,12.0,16.0,73.8,74.0,80.0,70.0,139.0,1.0,0.0,0.0,0.0,0.0,0.0,0.0,42990000.0
130,38.0,1.65,15.6,8.0,256.0,2.0,4.0,49.6,50.0,61.0,38.0,112.0,1.0,0.0,0.0,0.0,1.0,0.0,0.0,11390000.0
131,63.0,1.4,14.0,8.0,512.0,6.0,12.0,73.0,73.0,76.0,67.0,121.0,1.0,0.0,1.0,0.0,0.0,0.0,0.0,27990000.0
132,99.99,2.0,15.6,32.0,1024.0,14.0,20.0,98.1,98.0,100.0,104.0,121.0,0.0,0.0,0.0,0.0,0.0,0.0,0.0,64990000.0
133,43.8,2.0,17.3,8.0,256.0,4.0,8.0,53.14000000000001,53.0,60.0,42.4,139.0,0.0,0.0,0.0,0.0,0.0,0.0,0.0,12390000.0
134,42.0,1.5,14.0,4.0,512.0,10.0,12.0,71.4,71.0,78.0,70.0,112.0,1.0,0.0,1.0,0.0,0.0,0.0,0.0,13490000.0
135,67.0,1.576,14.0,16.0,512.0,10.0,15.2,86.39999999999999,86.4,89.2,84.4,76.86800000000001,0.0,0.0,0.0,0.0,1.0,0.0,0.0,28690000.0
136,45.0,2.0,15.6,8.0,256.0,4.0,8.0,53.4,53.4,59.6,41.4,42.3,0.0,0.0,0.0,0.0,1.0,0.0,0.0,15990000.0
137,49.4,1.7280000000000002,16.0,16.0,512.0,6.0,6.0,93.2,93.0,95.0,77.0,139.0,0.0,0.0,0.0,0.0,0.0,0.0,0.0,29690000.0
138,57.5,2.2,15.6,8.0,512.0,8.0,16.0,87.9,88.0,90.0,86.0,58.0,1.0,0.0,0.0,0.0,0.0,0.0,0.0,22890000.0
139,54.0,1.57,14.0,16.0,512.0,10.0,12.0,65.2,65.0,75.0,59.0,30.1,1.0,0.0,0.0,1.0,0.0,0.0,0.0,33990000.0
140,54.0,1.0,16.0,8.0,512.0,6.0,12.0,67.8,68.0,72.8,62.2,121.0,0.0,0.0,0.0,1.0,0.0,0.0,0.0,17990000.0
141,71.0,1.99,16.0,16.0,512.0,6.0,12.0,73.0,73.0,76.0,67.0,89.0,1.0,0.0,0.0,0.0,1.0,0.0,0.0,31990000.0
142,50.5,1.634,15.6,8.0,512.0,6.0,12.0,76.8,77.0,80.0,67.0,88.6,0.0,0.0,0.0,0.0,0.0,0.0,0.0,23990000.0
143,32.0,1.4460000000000002,11.6,4.0,256.0,4.0,4.0,55.2,55.4,63.0,44.8,1.43,1.0,0.0,0.0,0.0,1.0,0.0,0.0,10490000.0
144,56.0,2.0,15.6,8.0,512.0,8.0,16.0,66.8,66.8,71.6,58.8,58.5,0.0,0.0,1.0,0.0,0.0,0.0,0.0,22390000.0
145,51.5,0.891,13.0,8.0,128.0,4.0,8.0,60.2,60.0,67.0,50.0,139.0,1.0,0.0,0.0,0.0,0.0,0.0,0.0,26990000.0
146,42.0,1.4780000000000002,14.0,8.0,256.0,2.0,4.0,67.0,66.6,70.8,59.0,112.0,1.0,0.0,1.0,0.0,0.0,0.0,0.0,15390000.0
147,43.0,1.41,14.0,4.0,256.0,6.0,8.0,68.5,68.0,78.0,59.0,112.0,1.0,0.0,0.0,0.0,0.0,0.0,0.0,13990000.0
148,49.9,1.29,13.3,8.0,256.0,8.0,8.0,53.0,53.2,59.6,44.4,87.52799999999999,1.0,1.0,0.0,0.0,0.0,0.0,0.0,22990000.0
149,56.0,2.1,15.6,8.0,512.0,8.0,16.0,45.4,45.0,46.0,39.0,42.9,1.0,0.0,1.0,0.0,0.0,0.0,0.0,23490000.0
150,90.0,2.7,17.3,16.0,1024.0,8.0,16.0,75.1,75.0,78.0,72.0,121.0,1.0,0.0,1.0,0.0,0.0,0.0,0.0,38990000.0
151,54.0,2.25,15.6,16.0,512.0,8.0,16.0,87.9,88.0,90.0,86.0,112.0,1.0,0.0,0.0,0.0,0.0,0.0,0.0,37990000.0
152,42.0,1.46,14.0,8.0,256.0,4.0,8.0,53.4,53.0,59.0,42.0,112.0,1.0,0.0,0.0,0.0,0.0,0.0,0.0,9990000.0
153,45.0,1.59,14.0,8.0,512.0,12.0,16.0,72.4,72.0,78.0,70.0,139.0,1.0,0.0,0.0,0.0,1.0,0.0,0.0,19990000.0
154,65.0,2.1,15.0,16.0,512.0,6.0,12.0,76.8,77.0,80.0,67.0,76.2,1.0,0.0,0.0,0.0,0.0,0.0,1.0,49990000.0
155,90.0,2.48,15.6,32.0,1024.0,8.0,16.0,78.2,78.0,81.0,76.0,121.0,1.0,0.0,1.0,0.0,0.0,0.0,0.0,74990000.0
156,59.0,1.37,13.3,16.0,512.0,8.0,16.0,72.3,72.0,74.0,69.0,121.0,1.0,0.0,0.0,0.0,1.0,0.0,0.0,21490000.0
157,65.6,1.502,16.0,16.0,512.0,10.0,17.6,93.17999999999999,93.2,95.4,95.0,66.2,1.0,1.0,0.0,0.0,0.0,0.0,0.0,54990000.0
158,60.0,2.0,15.6,16.0,512.0,14.0,20.0,98.1,98.0,100.0,104.0,58.5,0.0,0.0,0.0,0.0,1.0,0.0,0.0,27690000.0
159,70.0,2.45,15.0,16.0,512.0,6.0,12.0,76.8,77.0,80.0,67.0,76.2,1.0,0.0,0.0,0.0,0.0,0.0,0.0,29990000.0
160,80.0,2.3,16.0,16.0,512.0,8.0,16.0,87.9,88.0,90.0,86.0,53.7,1.0,0.0,0.0,0.0,1.0,0.0,0.0,31990000.0
161,99.9,2.8,17.3,32.0,2048.0,16.0,24.0,100.0,100.0,103.0,106.0,139.0,1.0,0.0,0.0,0.0,0.0,0.0,0.0,119990000.0
162,82.2,2.336,14.0,28.8,512.0,6.0,12.0,114.0,114.0,114.0,126.0,88.6,1.0,0.0,0.0,1.0,0.0,0.0,0.0,69990000.0
163,65.0,1.8,15.6,8.0,512.0,4.0,8.0,63.2,63.0,71.0,52.0,52.0,1.0,0.0,1.0,0.0,0.0,0.0,0.0,19490000.0
164,38.2,1.3,14.0,4.0,128.0,3.2,5.2,69.16,69.4,69.8,56.2,121.0,0.0,0.0,0.0,0.0,0.0,0.0,0.0,7390000.0
165,58.2,1.4,13.3,8.0,256.0,8.0,12.0,74.12,74.2,77.8,69.2,97.28,1.0,1.0,0.0,0.0,0.0,0.0,0.0,34990000.0
166,42.0,1.47,15.6,8.0,512.0,6.0,12.0,69.5,69.0,71.0,63.0,121.0,1.0,0.0,1.0,0.0,0.0,0.0,0.0,18790000.0
167,70.0,1.5139999999999998,16.0,8.0,256.0,6.0,12.0,74.5,74.0,78.0,69.0,58.5,1.0,0.0,0.0,0.0,0.0,0.0,0.0,21990000.0
168,46.0,1.0,15.6,8.0,256.0,3.6,7.2,53.02,53.0,59.8,41.8,11.9,0.0,0.0,0.0,0.0,0.0,0.0,0.0,12490000.0
169,60.0,1.422,15.6,16.0,512.0,12.0,16.0,94.8,95.0,97.0,94.0,58.5,0.0,0.0,0.0,0.0,1.0,0.0,0.0,24990000.0
170,39.0,1.6,15.6,8.0,512.0,4.0,8.0,69.7,70.0,78.0,57.0,34.06,1.0,0.0,0.0,0.0,0.0,0.0,0.0,14690000.0
171,41.0,1.69,15.0,8.0,512.0,4.0,8.0,60.2,60.0,67.0,50.0,139.0,1.0,0.0,0.0,0.0,0.0,0.0,0.0,16590000.0
172,97.0,2.57,17.0,32.0,1024.0,14.0,20.0,98.1,98.0,100.0,104.0,53.7,1.0,0.0,0.0,1.0,0.0,0.0,0.0,45390000.0
173,86.0,2.56,15.0,16.0,512.0,6.0,12.0,76.8,77.0,80.0,67.0,76.2,1.0,0.0,0.0,1.0,0.0,0.0,0.0,41990000.0
174,41.0,1.7,15.6,4.0,256.0,2.0,4.0,49.6,50.0,61.0,38.0,112.0,1.0,0.0,0.0,1.0,0.0,0.0,0.0,15990000.0
175,41.0,1.69,15.6,8.0,256.0,10.0,12.0,63.6,64.0,72.0,59.0,139.0,1.0,0.0,0.0,0.0,0.0,0.0,0.0,16890000.0
176,53.5,1.546,15.6,8.0,512.0,8.0,16.0,87.9,88.0,90.0,86.0,58.5,1.0,0.0,0.0,0.0,0.0,0.0,0.0,28990000.0
177,42.0,1.64,14.0,8.0,512.0,4.0,8.0,63.2,63.0,71.0,52.0,15.0,1.0,0.0,0.0,1.0,0.0,0.0,0.0,15790000.0
178,80.0,1.35,17.0,16.0,512.0,12.0,16.0,73.8,74.0,80.0,70.0,139.0,1.0,0.0,0.0,0.0,0.0,0.0,0.0,42990000.0
179,41.0,1.69,15.0,8.0,512.0,4.0,8.0,60.2,60.0,67.0,50.0,139.0,1.0,0.0,0.0,0.0,0.0,0.0,0.0,15590000.0
180,51.0,1.3,13.0,16.0,512.0,4.0,8.0,60.9,61.0,69.0,51.0,139.0,1.0,0.0,0.0,1.0,0.0,0.0,0.0,27790000.0
181,80.0,2.45,16.0,16.0,1024.0,8.0,16.0,75.1,75.0,78.0,72.0,121.0,1.0,0.0,0.0,0.0,1.0,0.0,0.0,48990000.0
182,63.0,1.0,14.0,16.0,512.0,12.0,16.0,94.8,95.0,97.0,94.0,139.0,0.0,0.0,1.0,0.0,0.0,0.0,0.0,31690000.0
183,62.0,2.0,15.6,16.0,512.0,14.0,20.0,98.1,98.0,100.0,104.0,96.72,0.0,0.0,0.0,0.0,1.0,0.0,0.0,27690000.0
184,76.0,1.75,14.5,32.0,1024.0,14.0,20.0,100.0,100.0,103.0,106.0,139.0,1.0,0.0,1.0,0.0,0.0,0.0,0.0,65990000.0
185,68.0,2.1,15.0,64.0,4096.0,14.0,20.0,101.0,101.0,104.0,106.0,70.0,1.0,0.0,0.0,1.0,0.0,0.0,0.0,69990000.0
186,41.0,1.75,15.6,8.0,512.0,4.0,8.0,63.2,63.0,71.0,52.0,139.0,1.0,0.0,0.0,0.0,0.0,0.0,0.0,15790000.0
187,44.5,1.39,14.0,8.0,256.0,4.0,8.0,51.1,51.0,57.0,41.0,5.0,1.0,0.0,0.0,0.0,1.0,0.0,0.0,9990000.0
188,50.0,1.0,14.0,8.0,256.0,5.2,7.6,59.58,59.4,68.2,49.4,112.0,0.0,0.0,1.0,0.0,0.0,0.0,0.0,14090000.0
189,57.0,1.66,15.0,8.0,512.0,4.0,8.0,51.1,51.0,57.0,41.0,5.0,1.0,0.0,0.0,0.0,1.0,0.0,0.0,12990000.0
190,39.0,1.11,12.0,8.0,128.0,4.0,8.0,51.1,51.0,57.0,41.0,5.0,1.0,0.0,0.0,0.0,0.0,0.0,0.0,12990000.0
191,51.0,1.17,13.4,8.0,512.0,10.0,12.0,63.6,64.0,72.0,59.0,139.0,1.0,0.0,0.0,1.0,0.0,0.0,0.0,27390000.0
192,54.0,1.4,14.0,8.0,512.0,8.0,16.0,72.3,72.0,74.0,69.0,121.0,1.0,0.0,0.0,1.0,0.0,0.0,0.0,18990000.0
193,89.398,2.326,16.0,32.0,1024.0,14.0,20.0,100.0,100.0,103.0,106.0,88.6,0.0,0.0,1.0,0.0,0.0,0.0,0.0,74990000.0
194,90.0,2.9,17.3,8.0,512.0,8.0,16.0,79.6,80.0,83.0,78.0,121.0,1.0,0.0,1.0,0.0,0.0,0.0,0.0,61990000.0
195,60.98,1.458,16.0,8.0,256.0,12.0,16.0,72.4,72.0,78.0,70.0,112.0,0.0,0.0,0.0,1.0,0.0,0.0,0.0,17990000.0
196,82.0,2.75,17.3,32.0,1024.0,14.0,20.0,100.0,100.0,103.0,106.0,139.0,1.0,0.0,0.0,0.0,0.0,0.0,1.0,129990000.0
197,41.0,1.69,15.6,12.0,256.0,4.0,8.0,60.2,60.0,67.0,50.0,88.6,1.0,0.0,0.0,0.0,0.0,0.0,0.0,19790000.0
198,90.0,1.0,15.6,32.0,1024.0,10.4,17.6,90.22,90.2,92.2,90.8,121.0,0.0,0.0,1.0,0.0,0.0,0.0,0.0,57990000.0
199,48.0,2.0,15.6,8.0,512.0,4.0,8.0,69.8,70.0,74.0,57.0,42.9,0.0,0.0,1.0,0.0,0.0,0.0,0.0,16990000.0
200,48.0,2.2,15.6,16.0,512.0,8.0,12.0,74.5,74.0,78.0,69.0,58.5,1.0,0.0,0.0,0.0,0.0,0.0,0.0,19699000.0
201,43.2,2.0,17.3,8.0,256.0,4.0,8.0,51.279999999999994,51.4,58.0,41.0,139.0,0.0,0.0,0.0,0.0,0.0,0.0,0.0,11990000.0
202,71.6,2.0,17.3,16.0,512.0,7.2,10.4,75.26,75.0,80.0,68.2,88.6,0.0,0.0,1.0,0.0,0.0,0.0,0.0,38990000.0
203,42.6,1.0,15.6,8.0,512.0,5.6,11.2,68.8,68.4,72.0,61.8,8.98,0.0,0.0,1.0,0.0,0.0,0.0,0.0,15490000.0
204,57.5,2.2,15.6,8.0,512.0,8.0,16.0,87.9,88.0,90.0,86.0,58.5,1.0,0.0,0.0,0.0,0.0,0.0,0.0,22390000.0
205,6.0,2.0,15.6,8.0,512.0,8.0,12.0,82.4,82.0,87.0,77.0,58.5,0.0,0.0,1.0,0.0,0.0,0.0,0.0,23390000.0
206,76.0,2.0,15.6,8.0,512.0,4.0,8.0,68.6,69.0,75.0,59.0,88.6,1.0,0.0,1.0,0.0,0.0,0.0,0.0,27690000.0
207,80.0,2.14,15.0,16.0,1024.0,8.0,16.0,78.8,79.0,81.0,73.0,76.2,1.0,0.0,0.0,0.0,0.0,0.0,1.0,74990000.0
208,36.7,1.7,15.6,4.0,256.0,2.0,4.0,49.6,50.0,61.0,38.0,112.0,1.0,0.0,0.0,0.0,0.0,0.0,0.0,9990000.0
209,37.0,1.3,15.6,4.0,256.0,2.0,2.0,20.9,21.0,27.0,15.0,112.0,1.0,0.0,1.0,0.0,0.0,0.0,0.0,7990000.0
210,51.0,1.3,13.0,16.0,256.0,4.0,8.0,63.2,63.0,71.0,52.0,139.0,1.0,0.0,0.0,1.0,0.0,0.0,0.0,37990000.0
211,51.0,1.32,13.3,8.0,512.0,4.0,8.0,60.2,60.0,67.0,50.0,139.0,1.0,0.0,0.0,0.0,0.0,0.0,0.0,22390000.0
212,86.0,2.0,15.6,32.0,1024.0,8.0,16.0,87.9,88.0,90.0,86.0,125.6,0.0,0.0,0.0,1.0,0.0,0.0,0.0,58990000.0
213,59.0,2.3,15.6,16.0,512.0,8.0,16.0,87.9,88.0,90.0,86.0,88.6,1.0,0.0,0.0,0.0,0.0,0.0,0.0,39990000.0
214,86.0,1.83,15.6,32.0,512.0,6.0,12.0,79.5,79.0,83.0,70.0,65.0,1.0,0.0,0.0,1.0,0.0,0.0,0.0,31990000.0
215,56.0,1.9,15.6,8.0,256.0,4.0,8.0,69.8,70.0,74.0,57.0,76.2,1.0,0.0,0.0,1.0,0.0,0.0,0.0,21490000.0
216,90.0,1.81,16.0,32.0,512.0,8.0,16.0,89.2,89.0,92.0,88.0,112.0,1.0,0.0,0.0,0.0,1.0,0.0,0.0,44990000.0
217,61.0,1.1,14.0,16.0,1024.0,8.0,16.0,70.6,71.0,73.0,68.0,121.0,1.0,0.0,0.0,0.0,1.0,0.0,0.0,35990000.0
218,61.0,1.39,14.0,16.0,1024.0,8.0,16.0,73.6,74.0,75.0,73.0,21.5,1.0,0.0,0.0,0.0,1.0,0.0,0.0,32990000.0
219,80.0,1.7,15.0,16.0,512.0,6.0,12.0,76.8,77.0,80.0,67.0,42.0,1.0,0.0,0.0,0.0,1.0,0.0,0.0,26990000.0
220,100.0,2.38,15.6,16.0,2048.0,8.0,16.0,87.9,88.0,90.0,86.0,112.0,1.0,0.0,0.0,0.0,0.0,0.0,0.0,59990000.0
221,42.0,1.96,15.6,8.0,256.0,2.0,4.0,49.6,50.0,61.0,38.0,112.0,1.0,0.0,0.0,1.0,0.0,0.0,0.0,9990000.0
222,45.0,1.64,14.0,8.0,256.0,6.0,12.0,68.5,69.0,71.0,62.0,121.0,1.0,0.0,0.0,0.0,1.0,0.0,0.0,21990000.0
223,39.0,1.18,14.0,8.0,128.0,4.0,8.0,53.4,53.0,59.0,42.0,112.0,1.0,0.0,0.0,0.0,0.0,0.0,0.0,10990000.0
224,96.0,1.8,15.6,16.0,1024.0,14.0,20.0,98.1,98.0,100.0,104.0,80.62,1.0,0.0,1.0,0.0,0.0,0.0,0.0,28990000.0
225,45.0,1.66,15.6,16.0,512.0,4.0,8.0,60.2,60.0,67.0,50.0,139.0,1.0,0.0,0.0,0.0,1.0,0.0,0.0,21490000.0
226,67.0,1.0,14.0,8.0,512.0,6.0,12.0,73.0,73.0,76.0,67.0,121.0,0.0,0.0,1.0,0.0,0.0,0.0,0.0,16990000.0
227,42.8,2.0,17.3,8.0,256.0,4.0,8.0,60.2,60.0,67.0,50.0,139.0,0.0,0.0,0.0,0.0,0.0,0.0,0.0,12390000.0
228,63.0,1.0,14.0,8.0,512.0,6.0,10.4,67.3,67.2,73.2,59.2,121.0,0.0,0.0,1.0,0.0,0.0,0.0,0.0,24690000.0
229,56.0,1.996,15.280000000000001,16.0,1024.0,8.0,16.0,70.6,71.0,73.0,68.0,121.0,1.0,0.0,0.0,0.0,0.0,1.0,0.0,59000000.0
230,52.6,1.24,13.6,8.0,256.0,8.0,9.6,67.58,67.4,73.4,58.0,77.97999999999999,1.0,1.0,0.0,0.0,0.0,0.0,0.0,27990000.0
231,42.6,1.4100000000000001,17.3,8.0,256.0,4.0,8.0,60.2,60.0,67.0,50.0,139.0,0.0,0.0,0.0,0.0,0.0,0.0,0.0,11690000.0
232,51.2,1.422,15.6,16.0,512.0,7.6,10.8,74.8,74.6,79.2,66.6,58.5,0.0,0.0,0.0,0.0,1.0,0.0,0.0,24990000.0
233,49.0,1.3,13.0,8.0,256.0,8.0,8.0,73.66,73.6,78.0,67.8,98.74,1.0,1.0,0.0,0.0,0.0,0.0,0.0,20690000.0
234,54.0,1.75,15.6,16.0,512.0,4.0,8.0,73.0,73.0,80.0,62.0,21.5,1.0,0.0,0.0,1.0,0.0,0.0,0.0,21990000.0
235,36.0,0.99,14.0,16.0,512.0,4.0,8.0,69.7,70.0,78.0,57.0,139.0,1.0,0.0,0.0,0.0,0.0,0.0,0.0,15790000.0
236,80.0,1.35,17.0,16.0,256.0,12.0,16.0,72.4,72.0,78.0,70.0,139.0,1.0,0.0,0.0,0.0,0.0,0.0,0.0,40990000.0
237,56.0,2.2,15.6,8.0,512.0,8.0,16.0,78.1,78.0,81.0,77.0,88.6,1.0,0.0,1.0,0.0,0.0,0.0,0.0,34990000.0
238,47.4,1.0,13.3,16.0,256.0,6.4,11.2,65.06000000000002,64.8,70.6,57.8,139.0,0.0,0.0,0.0,1.0,0.0,0.0,0.0,18990000.0
239,57.0,1.2,15.36,16.0,256.0,10.0,12.0,63.6,64.0,72.0,59.0,57.11999999999999,1.0,0.0,0.0,0.0,1.0,0.0,0.0,23490000.0
240,48.96,2.2,15.6,16.0,512.0,6.0,12.0,74.5,74.0,78.0,69.0,58.0,1.0,0.0,0.0,0.0,0.0,0.0,0.0,19990000.0
241,47.0,1.5779999999999998,14.0,8.0,512.0,10.0,12.0,63.6,64.0,72.0,59.0,112.0,0.0,0.0,0.0,0.0,0.0,0.0,0.0,18590000.0
242,48.7,1.0,15.6,16.0,512.0,5.6,9.6,66.58,66.6,74.0,57.0,121.0,0.0,0.0,0.0,1.0,0.0,0.0,0.0,15990000.0
243,56.0,1.45,14.0,8.0,512.0,4.0,8.0,60.2,60.0,67.0,50.0,139.0,1.0,0.0,0.0,0.0,0.0,0.0,0.0,18490000.0
244,43.0,1.61,14.0,4.0,512.0,2.0,4.0,49.6,50.0,61.0,38.0,5.0,1.0,0.0,0.0,0.0,0.0,0.0,0.0,14890000.0
245,72.0,2.0,15.6,8.0,512.0,5.6,9.6,63.29999999999999,63.0,70.4,54.0,58.5,0.0,1.0,0.0,0.0,0.0,0.0,0.0,25690000.0
246,87.0,2.35,15.6,16.0,1024.0,14.0,20.0,98.1,98.0,100.0,104.0,88.6,1.0,0.0,0.0,1.0,0.0,0.0,0.0,70000000.0
247,56.5,1.42,14.0,16.0,512.0,12.0,16.0,72.4,72.0,78.0,70.0,139.0,1.0,0.0,0.0,0.0,1.0,0.0,0.0,22990000.0
248,96.0,1.8,15.6,16.0,1024.0,14.0,20.0,98.1,98.0,100.0,104.0,64.44,1.0,0.0,0.0,0.0,1.0,0.0,0.0,14390000.0
249,90.0,2.0,15.6,32.0,2048.0,14.0,20.0,100.0,100.0,103.0,106.0,139.0,0.0,0.0,1.0,0.0,0.0,0.0,0.0,76490000.0
250,54.0,1.25,13.3,16.0,512.0,10.0,12.0,72.4,72.0,78.0,70.0,139.0,1.0,0.0,0.0,1.0,0.0,0.0,0.0,19990000.0
251,80.0,1.7,15.0,16.0,512.0,6.0,12.0,77.1,77.0,80.0,67.0,76.2,1.0,0.0,0.0,0.0,1.0,0.0,0.0,22990000.0
252,43.6,1.0,14.0,8.0,256.0,4.0,8.0,60.2,60.0,67.0,50.0,70.156,0.0,0.0,0.0,1.0,0.0,0.0,0.0,15990000.0
253,71.0,1.42,16.1,16.0,512.0,11.6,16.8,92.52,92.6,94.8,92.6,58.5,0.0,0.0,0.0,0.0,0.0,0.0,0.0,26590000.0
254,61.0,1.38,14.0,16.0,256.0,4.0,8.0,68.6,69.0,75.0,59.0,139.0,1.0,0.0,0.0,0.0,1.0,0.0,0.0,21990000.0
255,39.0,1.4,14.0,8.0,512.0,6.0,12.0,70.3,70.0,73.0,64.0,121.0,1.0,0.0,0.0,0.0,0.0,0.0,0.0,15490000.0
256,52.8,1.0,14.0,8.0,512.0,10.0,12.0,63.6,64.0,72.0,59.0,112.0,0.0,0.0,0.0,1.0,0.0,0.0,0.0,20990000.0
257,56.0,1.9,15.6,8.0,256.0,8.0,16.0,72.3,72.0,74.0,69.0,21.5,1.0,0.0,1.0,0.0,0.0,0.0,0.0,16990000.0
258,54.0,1.97,16.0,8.0,512.0,6.0,12.0,70.3,70.0,73.0,64.0,121.0,1.0,0.0,0.0,1.0,0.0,0.0,0.0,17390000.0
259,37.6,1.3279999999999998,14.0,8.0,256.0,6.8,10.4,63.92,63.8,71.0,56.2,122.9,0.0,0.0,0.0,1.0,0.0,0.0,0.0,16690000.0
260,57.5,2.5,15.6,8.0,512.0,12.0,16.0,94.8,95.0,97.0,94.0,53.7,1.0,0.0,0.0,0.0,0.0,0.0,0.0,23490000.0
261,51.0,1.09,14.0,16.0,512.0,4.0,8.0,64.5,64.0,71.0,52.0,9.64,1.0,0.0,0.0,0.0,1.0,0.0,0.0,21990000.0
262,39.3,1.4,14.0,8.0,512.0,10.0,12.0,63.6,64.0,72.0,59.0,139.0,1.0,0.0,0.0,0.0,0.0,1.0,0.0,3590000.0
263,73.67999999999999,2.034,15.6,16.0,512.0,14.0,20.0,98.1,98.0,100.0,104.0,58.5,0.0,0.0,0.0,1.0,0.0,0.0,0.0,39990000.0
264,63.0,0.87,13.3,8.0,256.0,12.0,16.0,72.4,72.0,78.0,70.0,139.0,1.0,0.0,0.0,0.0,0.0,0.0,0.0,39000000.0
265,38.2,1.3,14.0,4.0,0.0,3.2,5.2,69.16,69.4,69.8,56.2,121.0,0.0,0.0,0.0,0.0,0.0,0.0,0.0,7690000.0
266,96.0,2.5,17.3,16.0,512.0,8.0,16.0,87.9,88.0,90.0,86.0,58.5,1.0,0.0,0.0,0.0,0.0,0.0,0.0,31990000.0
267,91.8,2.132,14.0,8.0,256.0,12.0,16.0,94.8,95.0,97.0,94.0,65.0,1.0,0.0,0.0,1.0,0.0,0.0,0.0,59990000.0
268,41.0,1.4540000000000002,14.0,8.0,512.0,4.0,8.0,60.2,60.0,67.0,50.0,139.0,1.0,0.0,0.0,0.0,0.0,0.0,0.0,17490000.0
269,70.0,1.8,15.6,16.0,512.0,6.0,12.0,73.0,73.0,76.0,67.0,53.7,1.0,0.0,1.0,0.0,0.0,0.0,0.0,22990000.0
270,46.6,1.3980000000000001,14.0,8.0,256.0,10.0,12.0,63.6,64.0,72.0,59.0,112.0,0.0,0.0,0.0,0.0,0.0,0.0,0.0,17590000.0
271,46.0,1.26,13.5,8.0,128.0,6.0,12.0,68.96,68.8,72.6,62.0,121.0,1.0,0.0,0.0,0.0,0.0,0.0,0.0,16990000.0
272,67.0,1.3,13.3,8.0,512.0,4.0,8.0,60.2,60.0,67.0,50.0,139.0,1.0,0.0,0.0,0.0,0.0,0.0,0.0,21890000.0
273,51.5,1.6019999999999999,15.6,8.0,512.0,5.2,10.4,67.4,67.4,72.4,59.2,58.5,0.0,0.0,0.0,0.0,0.0,0.0,0.0,22490000.0
274,63.0,1.0,14.0,16.0,1024.0,14.0,20.0,98.1,98.0,100.0,104.0,139.0,0.0,0.0,1.0,0.0,0.0,0.0,0.0,37990000.0
275,99.0,2.0,15.6,16.0,1024.0,8.0,16.0,87.9,88.0,90.0,86.0,128.0,1.0,0.0,0.0,0.0,0.0,0.0,0.0,59990000.0
276,62.0,1.6600000000000001,16.0,8.0,256.0,6.0,6.0,93.2,93.0,95.0,77.0,139.0,0.0,0.0,0.0,0.0,0.0,0.0,0.0,27690000.0
277,56.5,1.38,14.0,8.0,512.0,4.0,8.0,69.7,70.0,78.0,57.0,139.0,1.0,0.0,0.0,0.0,1.0,0.0,0.0,22990000.0
278,61.0,1.38,14.0,16.0,512.0,4.0,8.0,66.4,66.0,73.0,57.0,139.0,1.0,0.0,0.0,0.0,1.0,0.0,0.0,26990000.0
279,42.6,1.4780000000000002,15.6,8.0,256.0,5.2,10.4,68.8,68.4,72.0,61.8,121.0,0.0,0.0,0.0,0.0,0.0,0.0,0.0,15490000.0
280,48.9,0.77,12.3,8.0,128.0,4.0,8.0,60.2,60.0,67.0,50.0,139.0,1.0,0.0,0.0,0.0,0.0,0.0,0.0,17990000.0
281,36.7,1.0,15.6,4.0,256.0,2.0,4.0,90.6,91.0,88.0,75.0,112.0,0.0,0.0,0.0,0.0,0.0,0.0,0.0,8990000.0
282,80.0,2.14,15.0,32.0,1024.0,8.0,16.0,78.8,79.0,81.0,73.0,76.2,1.0,0.0,0.0,0.0,0.0,0.0,1.0,83990000.0
283,60.0,2.0,15.6,8.0,512.0,7.6,13.6,79.75999999999999,80.0,82.8,74.4,58.5,0.0,0.0,0.0,0.0,1.0,0.0,0.0,21990000.0
284,45.0,1.0,14.0,8.0,256.0,6.0,12.0,59.52,59.4,66.6,48.0,121.0,0.0,0.0,0.0,0.0,1.0,0.0,0.0,12990000.0
285,80.0,1.35,17.0,16.0,512.0,4.0,8.0,63.2,63.0,71.0,52.0,139.0,1.0,0.0,0.0,0.0,0.0,0.0,0.0,29990000.0
286,51.0,1.3,13.0,16.0,512.0,4.0,8.0,53.2,53.0,59.0,43.0,11.0,1.0,0.0,0.0,1.0,0.0,0.0,0.0,22990000.0
287,87.2,2.0,17.3,32.0,1024.0,14.0,20.0,98.1,98.0,100.0,104.0,121.0,0.0,0.0,0.0,0.0,0.0,0.0,0.0,61990000.0
288,97.0,2.0,15.6,16.0,512.0,4.0,8.0,63.0,63.0,67.0,51.0,76.2,1.0,0.0,0.0,1.0,0.0,0.0,0.0,24490000.0
289,62.0,1.3,13.0,16.0,512.0,8.0,16.0,73.6,74.0,75.0,73.0,121.0,1.0,0.0,1.0,0.0,0.0,0.0,0.0,34990000.0
290,70.0,2.46,16.1,8.0,512.0,8.0,16.0,87.9,88.0,90.0,86.0,58.5,1.0,0.0,0.0,0.0,0.0,0.0,0.0,24890000.0
291,72.0,1.546,14.0,8.0,512.0,8.0,16.0,73.6,74.0,75.0,73.0,42.9,1.0,0.0,1.0,0.0,0.0,0.0,0.0,28990000.0
292,53.0,1.7,15.6,8.0,256.0,4.0,8.0,60.2,60.0,67.0,50.0,139.0,1.0,0.0,0.0,1.0,0.0,0.0,0.0,12990000.0
293,80.0,1.578,15.6,8.0,512.0,8.0,16.0,75.1,75.0,78.0,72.0,58.0,1.0,0.0,0.0,0.0,1.0,0.0,0.0,27990000.0
294,59.0,1.9,16.1,16.0,512.0,4.0,8.0,73.0,73.0,80.0,62.0,58.5,1.0,0.0,0.0,0.0,0.0,0.0,0.0,29990000.0
295,66.4,1.578,16.0,16.0,512.0,12.0,16.0,73.8,74.0,80.0,70.0,87.0,0.0,0.0,0.0,0.0,0.0,0.0,0.0,27990000.0
296,50.0,1.6,14.0,8.0,256.0,4.0,8.0,52.7,53.0,58.0,41.0,9.64,1.0,0.0,0.0,0.0,1.0,0.0,0.0,22490000.0
297,52.0,1.27,13.3,16.0,256.0,4.0,8.0,51.6,52.0,56.0,41.0,9.64,1.0,0.0,0.0,1.0,0.0,0.0,0.0,19990000.0
298,43.6,1.0,14.0,8.0,256.0,2.0,4.0,49.6,50.0,61.0,38.0,112.0,0.0,0.0,0.0,0.0,0.0,0.0,0.0,11690000.0
299,42.6,1.61,17.3,8.0,256.0,4.0,8.0,51.56,51.6,60.0,40.8,139.0,0.0,0.0,0.0,0.0,0.0,0.0,0.0,11690000.0
300,51.0,1.2399999999999998,13.3,8.0,256.0,4.0,8.0,60.2,60.0,67.0,50.0,139.0,1.0,0.0,0.0,0.0,0.0,0.0,0.0,15990000.0
301,36.0,1.9,15.6,4.0,256.0,4.0,8.0,51.1,51.0,57.0,41.0,5.0,1.0,0.0,0.0,0.0,0.0,0.0,0.0,13990000.0
302,56.0,1.0,13.3,8.0,256.0,4.0,8.0,60.2,60.0,67.0,50.0,139.0,0.0,0.0,0.0,0.0,1.0,0.0,0.0,14990000.0
303,56.0,1.69,15.6,32.0,512.0,4.0,8.0,60.9,61.0,69.0,51.0,139.0,1.0,0.0,0.0,0.0,0.0,0.0,0.0,22790000.0
304,52.0,1.3,14.0,8.0,512.0,4.0,8.0,69.7,70.0,78.0,57.0,21.5,1.0,0.0,0.0,0.0,0.0,0.0,0.0,15990000.0
305,80.0,2.4,15.6,16.0,512.0,6.0,12.0,73.0,73.0,76.0,67.0,88.6,1.0,0.0,0.0,0.0,1.0,0.0,0.0,37990000.0
306,43.2,2.0,17.3,8.0,256.0,4.0,8.0,60.2,60.0,67.0,50.0,139.0,0.0,0.0,0.0,0.0,0.0,0.0,0.0,11990000.0
307,44.8,1.0,14.0,8.0,512.0,6.0,12.0,61.85999999999999,61.8,68.6,52.8,65.2,0.0,0.0,0.0,1.0,0.0,0.0,0.0,15990000.0
308,46.0,1.488,14.0,8.0,256.0,4.0,8.0,60.2,60.0,67.0,50.0,139.0,0.0,0.0,0.0,0.0,0.0,0.0,0.0,13990000.0
309,41.0,1.47,14.0,8.0,512.0,4.0,8.0,60.2,60.0,67.0,50.0,139.0,1.0,0.0,0.0,0.0,0.0,0.0,0.0,18990000.0
310,50.0,1.8,15.0,8.0,512.0,4.0,8.0,60.2,60.0,67.0,50.0,139.0,1.0,0.0,1.0,0.0,0.0,0.0,0.0,19790000.0
311,56.0,1.49,14.0,16.0,512.0,12.0,16.0,72.4,72.0,78.0,70.0,16.0,1.0,0.0,0.0,0.0,0.0,0.0,0.0,23990000.0
312,67.0,1.0,13.3,8.0,512.0,4.0,8.0,63.2,63.0,71.0,52.0,139.0,0.0,0.0,1.0,0.0,0.0,0.0,0.0,19990000.0
313,37.0,1.28,14.0,8.0,1024.0,4.0,8.0,56.4,56.0,62.0,44.0,9.64,1.0,0.0,0.0,0.0,0.0,0.0,0.0,13990000.0
314,76.0,1.0,15.6,16.0,1024.0,8.4,14.4,85.72,85.6,89.6,85.2,116.54,0.0,0.0,1.0,0.0,0.0,0.0,0.0,45690000.0
315,75.0,1.39,14.0,8.0,256.0,12.0,16.0,72.4,72.0,78.0,70.0,139.0,1.0,0.0,1.0,0.0,0.0,0.0,0.0,17990000.0
316,42.0,1.8,15.0,8.0,512.0,4.0,8.0,60.2,60.0,67.0,50.0,139.0,1.0,0.0,1.0,0.0,0.0,0.0,0.0,17390000.0
317,38.0,1.0,15.6,8.0,512.0,4.0,8.0,64.1,63.8,70.4,53.6,139.0,0.0,0.0,0.0,0.0,0.0,1.0,0.0,13990000.0
318,52.4,2.0,15.6,8.0,512.0,8.0,12.0,82.4,82.0,87.0,77.0,58.5,0.0,0.0,0.0,0.0,0.0,0.0,0.0,21590000.0
319,54.0,1.45,14.0,8.0,512.0,4.0,8.0,73.0,73.0,80.0,62.0,139.0,1.0,0.0,0.0,1.0,0.0,0.0,0.0,19990000.0
320,47.5,2.0,15.6,8.0,512.0,6.0,12.0,74.5,74.0,78.0,69.0,58.5,0.0,0.0,1.0,0.0,0.0,0.0,0.0,20290000.0
321,42.0,1.64,14.0,8.0,512.0,4.0,8.0,48.1,48.0,52.0,40.0,7.31,1.0,0.0,0.0,1.0,0.0,0.0,0.0,13390000.0
322,56.0,1.55,15.6,8.0,256.0,6.0,12.0,74.5,74.0,78.0,69.0,53.7,1.0,0.0,0.0,1.0,0.0,0.0,0.0,27990000.0
323,86.0,2.56,15.0,8.0,512.0,6.0,12.0,76.8,77.0,80.0,67.0,76.2,1.0,0.0,0.0,1.0,0.0,0.0,0.0,37990000.0
324,5.0,1.0,14.0,8.0,512.0,6.0,12.0,78.58,78.6,81.8,73.0,10.3,0.0,0.0,1.0,0.0,0.0,0.0,0.0,22990000.0
325,86.0,2.69,15.6,32.0,1024.0,8.0,16.0,87.9,88.0,90.0,86.0,88.6,1.0,0.0,0.0,1.0,0.0,0.0,0.0,61990000.0
326,40.0,1.72,14.0,8.0,512.0,4.0,8.0,63.2,63.0,71.0,52.0,139.0,1.0,0.0,0.0,1.0,0.0,0.0,0.0,26990000.0
327,63.0,1.4,14.0,8.0,512.0,12.0,16.0,94.8,95.0,97.0,94.0,139.0,1.0,0.0,1.0,0.0,0.0,0.0,0.0,28790000.0
328,75.0,1.0,16.0,16.0,512.0,9.2,13.6,79.16,79.0,84.6,75.2,58.5,0.0,0.0,0.0,0.0,1.0,0.0,0.0,25990000.0
329,54.0,1.63,14.0,8.0,512.0,6.0,12.0,70.3,70.0,73.0,64.0,121.0,1.0,0.0,0.0,1.0,0.0,0.0,0.0,17990000.0
330,67.0,1.218,13.3,16.0,1024.0,4.0,8.0,63.2,63.0,71.0,52.0,88.6,1.0,0.0,1.0,0.0,0.0,0.0,0.0,41990000.0
331,63.0,1.65,15.6,16.0,512.0,8.0,16.0,75.1,75.0,78.0,72.0,58.0,1.0,0.0,1.0,0.0,0.0,0.0,0.0,29990000.0
332,51.2,1.422,16.1,8.0,512.0,7.6,10.8,74.8,74.6,79.2,66.6,58.5,0.0,0.0,0.0,0.0,0.0,0.0,0.0,24990000.0
333,57.0,1.8,15.6,8.0,256.0,4.0,8.0,40.3,40.0,41.0,27.0,9.64,1.0,0.0,0.0,0.0,1.0,0.0,0.0,17990000.0
334,54.0,2.6,17.3,8.0,512.0,8.0,16.0,87.9,88.0,90.0,86.0,112.0,1.0,0.0,0.0,0.0,0.0,0.0,0.0,31990000.0
335,90.0,2.9,17.3,8.0,512.0,8.0,16.0,78.1,78.0,81.0,77.0,88.6,1.0,0.0,1.0,0.0,0.0,0.0,0.0,46990000.0
336,78.0,2.0,15.6,16.0,1024.0,10.4,17.6,84.0,84.0,87.2,83.8,121.0,0.0,0.0,1.0,0.0,0.0,0.0,0.0,51390000.0
337,40.0,1.0,14.0,8.0,512.0,4.0,8.0,60.2,60.0,67.0,50.0,139.0,1.0,0.0,0.0,0.0,0.0,0.0,0.0,26990000.0
338,80.0,2.14,15.0,32.0,1024.0,8.0,16.0,78.8,79.0,81.0,73.0,76.2,1.0,0.0,0.0,0.0,0.0,1.0,0.0,10500000.0
339,45.0,1.266,15.6,8.0,256.0,6.0,10.4,62.64,62.4,67.2,54.2,58.5,0.0,0.0,0.0,0.0,1.0,0.0,0.0,16290000.0
340,6.0,2.0,15.6,8.0,512.0,8.0,12.0,82.4,82.0,87.0,77.0,58.5,0.0,0.0,1.0,0.0,0.0,0.0,0.0,23990000.0
341,90.0,2.3,15.6,16.0,512.0,8.0,16.0,78.2,78.0,81.0,76.0,88.6,1.0,0.0,1.0,0.0,0.0,0.0,0.0,32990000.0
342,90.0,2.4,16.0,32.0,1024.0,14.0,18.4,100.0,100.0,103.0,106.0,87.0,1.0,0.0,1.0,0.0,0.0,0.0,0.0,82990000.0
343,45.739999999999995,1.97,15.6,8.0,256.0,2.0,4.0,49.6,50.0,57.0,36.0,4.83,1.0,0.0,0.0,0.0,1.0,0.0,0.0,12990000.0
344,56.0,1.19,13.0,8.0,512.0,4.0,8.0,60.2,60.0,67.0,50.0,139.0,1.0,0.0,0.0,0.0,0.0,0.0,0.0,19490000.0
345,54.0,1.87,16.0,16.0,512.0,12.0,16.0,72.4,72.0,78.0,70.0,139.0,1.0,0.0,0.0,1.0,0.0,0.0,0.0,21990000.0
346,65.8,1.6553999999999998,15.6,8.0,512.0,8.0,12.0,82.4,82.0,87.0,77.0,58.5,0.0,0.0,0.0,0.0,0.0,0.0,0.0,27290000.0
347,43.0,1.0,14.0,8.0,256.0,10.0,12.0,63.6,64.0,72.0,59.0,139.0,0.0,0.0,0.0,0.0,0.0,0.0,0.0,15990000.0
348,6.0,1.0,15.6,8.0,256.0,4.4,8.8,53.4,53.4,59.6,41.4,21.5,0.0,0.0,1.0,0.0,0.0,0.0,0.0,15990000.0
349,60.0,1.8800000000000001,15.6,8.0,512.0,6.0,12.0,76.8,77.0,81.0,72.0,58.5,0.0,0.0,0.0,0.0,1.0,0.0,0.0,21990000.0
350,43.0,1.41,14.0,8.0,256.0,4.0,8.0,60.2,60.0,67.0,50.0,88.6,1.0,0.0,0.0,0.0,0.0,0.0,0.0,18490000.0
351,71.0,1.8,16.0,16.0,512.0,6.0,12.0,76.8,77.0,81.0,72.0,10.0,1.0,0.0,0.0,0.0,1.0,0.0,0.0,23490000.0
352,86.0,2.69,15.6,32.0,1024.0,8.0,16.0,87.9,88.0,90.0,86.0,88.6,1.0,0.0,0.0,1.0,0.0,0.0,0.0,64990000.0
353,41.0,1.79,15.6,4.0,256.0,2.0,4.0,49.6,50.0,61.0,38.0,112.0,1.0,0.0,0.0,1.0,0.0,0.0,0.0,10390000.0
354,54.0,1.57,14.0,8.0,512.0,10.0,12.0,63.6,64.0,72.0,59.0,139.0,1.0,0.0,0.0,1.0,0.0,0.0,0.0,17490000.0
355,48.0,0.907,13.0,16.0,512.0,4.0,8.0,66.0,66.0,74.0,55.0,139.0,1.0,0.0,0.0,0.0,1.0,0.0,0.0,26990000.0
356,40.0,1.7,15.0,8.0,512.0,4.0,8.0,60.2,60.0,67.0,50.0,139.0,1.0,0.0,0.0,1.0,0.0,0.0,0.0,22290000.0
357,60.0,1.4,15.6,8.0,512.0,9.2,13.6,79.16000000000001,79.0,84.6,75.2,58.5,0.0,0.0,0.0,0.0,1.0,0.0,0.0,25990000.0
358,70.6,1.6960000000000002,16.0,16.0,256.0,12.0,20.0,114.0,114.0,114.0,126.0,139.0,0.0,0.0,0.0,0.0,0.0,0.0,0.0,29990000.0
359,40.0,1.4,14.0,16.0,512.0,4.0,8.0,60.2,60.0,67.0,50.0,139.0,1.0,0.0,0.0,1.0,0.0,0.0,0.0,19990000.0
360,50.0,1.5,14.0,8.0,512.0,6.0,6.0,71.4,71.0,73.0,59.0,121.0,1.0,0.0,1.0,0.0,0.0,0.0,0.0,16990000.0
361,99.99,2.66,15.6,32.0,1024.0,14.0,20.0,101.0,101.0,104.0,106.0,121.0,1.0,0.0,0.0,0.0,0.0,0.0,0.0,77990000.0
362,56.0,2.8,15.6,16.0,512.0,6.0,12.0,73.0,73.0,76.0,67.0,58.0,1.0,0.0,0.0,1.0,0.0,0.0,0.0,19790000.0
363,65.0,1.24,14.0,16.0,256.0,12.0,16.0,82.6,83.0,87.0,79.0,139.0,1.0,0.0,0.0,1.0,0.0,0.0,0.0,23990000.0
364,45.0,1.0,15.6,8.0,512.0,4.0,8.0,60.2,60.0,67.0,50.0,83.74,0.0,0.0,0.0,1.0,0.0,0.0,0.0,15990000.0
365,75.0,1.1800000000000002,16.0,8.0,512.0,4.4,8.8,60.8,60.6,69.0,50.4,10.3,0.0,0.0,0.0,0.0,1.0,0.0,0.0,15190000.0
366,52.8,1.6640000000000001,15.6,8.0,256.0,4.0,8.0,60.2,60.0,67.0,50.0,139.0,0.0,0.0,0.0,0.0,0.0,0.0,0.0,20990000.0
367,5.0,1.0,14.0,8.0,256.0,12.0,16.0,72.4,72.0,78.0,70.0,139.0,0.0,0.0,1.0,0.0,0.0,0.0,0.0,16590000.0
368,76.0,1.75,14.5,16.0,1024.0,14.0,20.0,98.1,98.0,100.0,104.0,58.5,1.0,0.0,1.0,0.0,0.0,0.0,0.0,56990000.0
369,2.0,1.0,14.0,8.0,512.0,8.8,12.8,72.1,72.0,77.0,67.2,121.0,0.0,0.0,1.0,0.0,0.0,0.0,0.0,19290000.0
370,52.0,1.29,13.3,8.0,256.0,4.0,8.0,53.4,53.0,59.0,42.0,9.64,1.0,0.0,0.0,1.0,0.0,0.0,0.0,12990000.0
371,60.0,2.0,15.6,8.0,512.0,12.0,16.0,94.8,95.0,97.0,94.0,58.0,0.0,0.0,0.0,0.0,1.0,0.0,0.0,22990000.0
372,57.0,1.66,15.6,16.0,512.0,8.0,8.0,75.2,75.0,76.0,67.0,121.0,1.0,0.0,0.0,0.0,1.0,0.0,0.0,18490000.0
373,41.0,1.0,14.0,4.0,256.0,2.0,4.0,49.6,50.0,61.0,38.0,83.524,0.0,0.0,0.0,1.0,0.0,0.0,0.0,11990000.0
374,45.0,1.38,14.0,8.0,512.0,4.0,8.0,60.2,60.0,67.0,50.0,139.0,1.0,0.0,0.0,0.0,0.0,0.0,0.0,18990000.0
375,57.0,1.13,14.0,8.0,256.0,2.0,4.0,40.4,40.0,46.0,29.0,4.26,1.0,0.0,0.0,0.0,1.0,0.0,0.0,9990000.0
376,66.8,1.6,14.2,32.0,512.0,10.0,16.8,90.76,90.8,92.8,91.0,64.5,1.0,1.0,0.0,0.0,0.0,0.0,0.0,53990000.0
377,41.0,1.73,15.6,16.0,0.0,4.0,8.0,60.2,60.0,67.0,50.0,139.0,1.0,0.0,0.0,1.0,0.0,0.0,0.0,12990000.0
378,36.0,1.0,15.6,8.0,256.0,4.0,8.0,60.2,60.0,67.0,50.0,139.0,0.0,0.0,0.0,0.0,0.0,0.0,0.0,16990000.0
379,90.0,2.0,16.0,32.0,2048.0,13.6,20.8,98.74,98.8,101.4,105.0,139.0,0.0,0.0,1.0,0.0,0.0,0.0,0.0,121990000.0
380,100.0,2.1,16.2,16.0,1024.0,10.0,18.4,92.89999999999999,92.8,95.2,95.2,76.58000000000001,1.0,1.0,0.0,0.0,0.0,0.0,0.0,55990000.0
381,45.0,1.0,15.6,8.0,512.0,10.0,12.0,63.6,64.0,72.0,59.0,139.0,0.0,0.0,0.0,0.0,1.0,0.0,0.0,15990000.0
382,80.0,2.45,16.0,16.0,512.0,8.0,16.0,75.1,75.0,78.0,72.0,121.0,1.0,0.0,0.0,0.0,1.0,0.0,0.0,43690000.0
383,53.5,2.25,15.6,8.0,512.0,8.0,12.0,82.4,82.0,87.0,77.0,53.7,1.0,0.0,0.0,0.0,0.0,0.0,0.0,23490000.0
384,47.4,1.388,16.0,16.0,512.0,12.0,16.0,72.4,72.0,78.0,70.0,139.0,0.0,0.0,0.0,1.0,0.0,0.0,0.0,18990000.0
385,40.0,1.72,14.0,8.0,512.0,4.0,8.0,60.2,60.0,67.0,50.0,139.0,1.0,0.0,0.0,1.0,0.0,0.0,0.0,21590000.0
386,60.0,1.4,14.0,8.0,256.0,4.0,8.0,59.6,60.0,66.0,47.0,9.64,1.0,0.0,0.0,1.0,0.0,0.0,0.0,11990000.0
387,47.2,1.0,14.0,8.0,256.0,4.0,8.0,60.2,60.0,67.0,50.0,55.056,0.0,0.0,0.0,1.0,0.0,0.0,0.0,14990000.0
388,71.0,1.9,15.6,16.0,1024.0,8.0,16.0,75.1,75.0,78.0,72.0,88.6,1.0,0.0,0.0,0.0,1.0,0.0,0.0,36890000.0
389,2.0,2.0759999999999996,14.0,8.0,256.0,7.2,12.8,77.94000000000001,77.8,81.8,73.0,139.0,0.0,0.0,0.0,0.0,0.0,0.0,0.0,23290000.0
390,56.0,2.2,15.6,8.0,512.0,8.0,16.0,78.1,78.0,81.0,77.0,58.5,1.0,0.0,1.0,0.0,0.0,0.0,0.0,29490000.0
391,54.0,1.63,15.0,8.0,256.0,4.0,8.0,73.0,73.0,80.0,62.0,21.5,1.0,0.0,0.0,1.0,0.0,0.0,0.0,21990000.0
392,54.0,1.44,14.0,8.0,512.0,4.0,8.0,73.0,73.0,80.0,62.0,139.0,1.0,0.0,0.0,1.0,0.0,0.0,0.0,12990000.0
393,65.2,1.954,16.0,8.0,256.0,6.0,6.0,93.2,93.0,95.0,77.0,139.0,0.0,0.0,0.0,0.0,0.0,0.0,0.0,37990000.0
394,57.0,1.47,14.0,16.0,512.0,12.0,16.0,94.8,95.0,97.0,94.0,139.0,1.0,0.0,0.0,0.0,1.0,0.0,0.0,29990000.0
395,80.0,1.199,16.0,16.0,256.0,12.0,14.0,73.8,74.0,80.0,70.0,139.0,1.0,0.0,0.0,0.0,0.0,0.0,0.0,40990000.0
396,63.0,1.0,14.0,8.0,512.0,12.0,16.0,94.8,95.0,97.0,94.0,139.0,0.0,0.0,1.0,0.0,0.0,0.0,0.0,26590000.0
397,82.6,2.2039999999999997,17.0,16.0,512.0,12.0,20.0,114.0,114.0,114.0,126.0,139.0,0.0,0.0,0.0,0.0,0.0,0.0,0.0,48990000.0
398,45.8,1.298,15.6,8.0,256.0,12.0,16.0,94.8,95.0,97.0,94.0,58.5,0.0,0.0,0.0,1.0,0.0,0.0,0.0,23990000.0
399,50.0,1.47,14.0,32.0,1024.0,4.0,8.0,56.4,56.0,62.0,44.0,9.64,1.0,0.0,0.0,0.0,1.0,0.0,0.0,19990000.0
400,69.2,2.0,15.6,16.0,1024.0,14.0,20.0,98.1,98.0,100.0,104.0,78.28,0.0,0.0,0.0,0.0,0.0,0.0,0.0,32690000.0
401,3.0,1.0,15.6,16.0,5122.0,8.0,13.2,82.7,82.8,85.2,76.6,53.7,0.0,0.0,1.0,0.0,0.0,0.0,0.0,29590000.0
402,99.0,2.2,15.6,16.0,512.0,8.0,16.0,87.9,88.0,90.0,86.0,88.6,1.0,0.0,0.0,0.0,0.0,0.0,0.0,49990000.0
403,41.0,1.0,15.6,4.0,256.0,6.0,8.8,68.7,68.2,76.6,59.8,121.0,0.0,0.0,0.0,1.0,0.0,0.0,0.0,13790000.0
404,54.0,1.0,14.0,16.0,512.0,6.0,12.0,60.8,60.6,69.0,50.4,10.3,0.0,0.0,0.0,1.0,0.0,0.0,0.0,14990000.0
405,65.6,1.502,15.6,16.0,1024.0,8.0,16.0,90.7,91.0,92.0,91.0,58.5,0.0,0.0,0.0,1.0,0.0,0.0,0.0,54990000.0
406,42.0,1.8,15.6,8.0,512.0,8.0,16.0,72.3,72.0,74.0,69.0,121.0,1.0,0.0,1.0,0.0,0.0,0.0,0.0,18790000.0
407,51.0,1.0,15.6,8.0,512.0,6.0,12.0,77.5,78.0,80.0,68.0,88.6,0.0,0.0,0.0,0.0,0.0,0.0,0.0,21990000.0
408,48.96,2.2,15.6,16.0,512.0,6.0,12.0,74.5,74.0,78.0,69.0,58.0,1.0,0.0,0.0,0.0,0.0,0.0,0.0,18390000.0
409,32.0,1.0,11.6,4.0,256.0,4.0,4.0,66.42,66.6,69.6,56.2,112.0,0.0,0.0,0.0,0.0,1.0,0.0,0.0,5490000.0
410,48.7,1.0,13.3,16.0,512.0,4.0,8.0,73.0,73.0,80.0,62.0,139.0,0.0,0.0,0.0,1.0,0.0,0.0,0.0,15990000.0
411,54.0,1.0,16.0,16.0,512.0,12.0,16.0,72.4,72.0,78.0,70.0,77.38000000000001,0.0,0.0,0.0,1.0,0.0,0.0,0.0,25990000.0
412,41.0,1.69,15.6,8.0,512.0,4.0,8.0,60.2,60.0,67.0,50.0,88.6,1.0,0.0,0.0,1.0,0.0,0.0,0.0,16590000.0
413,43.0,1.61,14.0,8.0,512.0,4.0,8.0,63.2,63.0,71.0,52.0,139.0,1.0,0.0,0.0,0.0,0.0,0.0,0.0,21690000.0
414,54.0,1.3980000000000001,14.0,8.0,256.0,6.0,8.0,68.5,68.0,78.0,59.0,112.0,0.0,0.0,0.0,0.0,0.0,0.0,0.0,14290000.0
415,54.0,1.43,14.0,8.0,256.0,4.0,8.0,66.3,66.0,69.0,57.0,121.0,1.0,0.0,0.0,1.0,0.0,0.0,0.0,15990000.0
416,80.0,2.4,15.6,8.0,512.0,6.0,12.0,73.0,73.0,76.0,67.0,88.6,1.0,0.0,0.0,0.0,1.0,0.0,0.0,33990000.0
417,86.0,2.04,15.6,32.0,512.0,8.0,16.0,87.9,88.0,90.0,86.0,35.0,1.0,0.0,0.0,1.0,0.0,0.0,0.0,33990000.0
418,51.8,1.338,16.0,8.0,256.0,12.0,16.0,72.4,72.0,78.0,70.0,112.0,0.0,0.0,0.0,1.0,0.0,0.0,0.0,19390000.0
419,56.0,1.26,13.3,16.0,512.0,6.0,12.0,68.5,69.0,71.0,62.0,121.0,1.0,0.0,0.0,0.0,1.0,0.0,0.0,16990000.0
420,37.0,1.9,15.6,4.0,512.0,6.0,12.0,69.5,69.0,71.0,63.0,121.0,1.0,0.0,1.0,0.0,0.0,0.0,0.0,13690000.0
421,45.0,1.74,15.6,4.0,256.0,6.0,12.0,68.5,69.0,71.0,62.0,121.0,1.0,0.0,0.0,0.0,0.0,0.0,0.0,18290000.0
422,53.0,1.27,13.0,16.0,512.0,4.0,8.0,53.2,53.0,59.0,43.0,11.0,1.0,0.0,0.0,0.0,0.0,0.0,1.0,32990000.0
423,81.8,1.9098,17.0,16.0,512.0,12.0,16.0,73.8,74.0,80.0,70.0,139.0,0.0,0.0,0.0,0.0,0.0,0.0,0.0,43690000.0
424,57.0,1.51,14.0,16.0,256.0,6.0,12.0,69.6,70.0,74.0,62.0,121.0,1.0,0.0,0.0,0.0,1.0,0.0,0.0,20990000.0
425,78.6,1.7299999999999998,17.3,32.0,1024.0,10.8,18.4,93.2,93.2,95.2,95.8,121.0,0.0,0.0,1.0,0.0,0.0,0.0,0.0,55990000.0
426,75.0,1.0,16.0,16.0,512.0,8.8,14.4,85.35999999999999,85.4,89.6,80.4,58.5,0.0,0.0,0.0,0.0,1.0,0.0,0.0,27590000.0
427,64.0,2.0,15.6,16.0,512.0,4.0,8.0,71.8,72.0,75.0,58.0,17.4,1.0,0.0,0.0,0.0,0.0,0.0,0.0,9990000.0
428,41.0,1.3980000000000001,14.0,8.0,256.0,6.0,8.0,68.5,68.0,78.0,59.0,112.0,0.0,0.0,0.0,0.0,0.0,0.0,0.0,14290000.0
429,41.0,1.75,15.6,8.0,256.0,4.0,8.0,60.2,60.0,67.0,50.0,139.0,1.0,0.0,0.0,0.0,0.0,0.0,0.0,12790000.0
430,80.0,1.35,17.0,16.0,1024.0,4.0,8.0,63.2,63.0,71.0,52.0,139.0,1.0,0.0,0.0,0.0,0.0,0.0,0.0,39490000.0
431,60.0,1.7,14.0,16.0,512.0,4.0,8.0,75.3,75.0,83.0,64.0,118.0,1.0,0.0,0.0,0.0,0.0,0.0,0.0,21990000.0
432,59.0,2.3,15.6,8.0,512.0,4.0,8.0,66.4,66.0,73.0,57.0,41.0,1.0,0.0,0.0,0.0,0.0,0.0,0.0,23990000.0
433,60.0,2.016,15.6,16.0,512.0,12.0,16.0,94.8,95.0,97.0,94.0,58.5,0.0,0.0,0.0,0.0,1.0,0.0,0.0,23590000.0
434,54.760000000000005,1.4220000000000002,14.0,8.0,512.0,10.0,12.0,63.6,64.0,72.0,59.0,139.0,0.0,0.0,0.0,1.0,0.0,0.0,0.0,17990000.0
435,63.0,1.0,14.0,16.0,512.0,6.0,10.4,67.3,67.2,73.2,59.2,58.5,0.0,0.0,1.0,0.0,0.0,0.0,0.0,24690000.0
436,41.0,1.0,15.6,8.0,256.0,6.0,8.0,68.5,68.0,78.0,59.0,112.0,0.0,0.0,0.0,1.0,0.0,0.0,0.0,13890000.0
437,54.0,1.78,14.0,8.0,512.0,4.0,8.0,66.4,66.0,73.0,57.0,139.0,1.0,0.0,0.0,1.0,0.0,0.0,0.0,22690000.0
438,97.0,2.0,17.0,16.0,1024.0,8.0,16.0,87.9,88.0,90.0,86.0,58.5,0.0,0.0,0.0,1.0,0.0,0.0,0.0,52990000.0
439,54.0,1.25,13.3,8.0,256.0,16.0,12.0,72.4,72.0,78.0,70.0,139.0,1.0,0.0,0.0,1.0,0.0,0.0,0.0,23990000.0
440,58.0,1.4,13.3,8.0,256.0,8.0,8.0,79.6,79.6,84.2,77.2,74.84,1.0,1.0,0.0,0.0,0.0,0.0,0.0,33990000.0
441,51.0,1.1,14.0,16.0,512.0,4.0,8.0,59.6,60.0,66.0,47.0,9.64,1.0,0.0,0.0,0.0,1.0,0.0,0.0,18290000.0
442,41.0,1.0,15.6,8.0,256.0,4.0,8.0,60.2,60.0,67.0,50.0,139.0,0.0,0.0,0.0,1.0,0.0,0.0,0.0,13990000.0
443,54.0,1.0,14.0,8.0,256.0,5.6,9.6,64.94000000000001,65.2,72.6,56.8,23.76,0.0,0.0,0.0,1.0,0.0,0.0,0.0,14590000.0
444,90.0,4.1,15.0,16.0,1000.0,8.0,16.0,96.5,97.0,97.0,96.0,76.2,1.0,0.0,0.0,1.0,0.0,0.0,0.0,84990000.0
445,82.0,1.69,15.0,32.0,1000.0,4.0,8.0,60.9,61.0,69.0,51.0,139.0,1.0,0.0,0.0,0.0,0.0,0.0,0.0,44990000.0
446,56.5,1.38,14.0,16.0,512.0,6.0,12.0,68.5,69.0,71.0,62.0,121.0,1.0,0.0,0.0,0.0,1.0,0.0,0.0,17990000.0
447,70.0,1.7,15.6,8.0,512.0,6.0,12.0,73.0,73.0,76.0,67.0,121.0,1.0,0.0,1.0,0.0,0.0,0.0,0.0,17990000.0
448,52.0,1.0,13.3,8.0,256.0,4.0,8.0,60.2,60.0,67.0,50.0,139.0,0.0,0.0,0.0,1.0,0.0,0.0,0.0,23990000.0
449,56.5,1.0,14.0,16.0,512.0,4.4,8.8,61.85999999999999,61.8,67.8,52.0,139.0,0.0,0.0,0.0,0.0,1.0,0.0,0.0,22490000.0
450,52.0,1.0,13.3,8.0,256.0,4.0,8.0,76.12,76.2,80.4,72.2,139.0,0.0,0.0,0.0,1.0,0.0,0.0,0.0,23990000.0
451,61.0,1.38,14.0,16.0,1024.0,4.0,8.0,68.6,69.0,75.0,59.0,21.5,1.0,0.0,0.0,0.0,1.0,0.0,0.0,27990000.0
452,99.0,2.2,15.6,16.0,1024.0,8.0,16.0,87.9,88.0,90.0,86.0,154.0,1.0,0.0,0.0,0.0,0.0,0.0,0.0,39990000.0
453,57.0,1.4,14.0,32.0,512.0,4.0,8.0,59.6,60.0,66.0,47.0,9.64,1.0,0.0,0.0,0.0,1.0,0.0,0.0,26990000.0
454,48.0,2.3,15.6,8.0,512.0,6.0,12.0,74.5,74.0,78.0,69.0,58.5,1.0,0.0,1.0,0.0,0.0,0.0,0.0,19990000.0
455,40.0,1.18,13.3,8.0,256.0,4.0,8.0,63.7,64.0,72.0,53.0,139.0,1.0,0.0,0.0,1.0,0.0,0.0,0.0,17390000.0
456,44.8,1.0,13.3,8.0,512.0,4.0,8.0,66.4,66.0,73.0,57.0,135.4,0.0,0.0,0.0,1.0,0.0,0.0,0.0,16490000.0
457,74.6,1.786,15.6,8.0,512.0,6.0,12.0,74.5,74.0,78.0,69.0,88.6,0.0,0.0,0.0,1.0,0.0,0.0,0.0,30590000.0
458,55.1,2.29,15.6,8.0,512.0,8.0,12.0,82.4,82.0,87.0,77.0,42.9,1.0,0.0,0.0,0.0,0.0,0.0,0.0,17990000.0
459,2.0,1.422,14.0,16.0,256.0,6.0,6.0,93.2,93.0,95.0,77.0,139.0,0.0,0.0,0.0,0.0,0.0,0.0,0.0,24990000.0
460,45.0,1.66,15.0,8.0,512.0,8.0,16.0,72.3,72.0,74.0,69.0,121.0,1.0,0.0,0.0,0.0,1.0,0.0,0.0,19990000.0
461,74.6,1.861,15.6,16.0,512.0,8.0,16.0,87.9,88.0,90.0,86.0,88.6,0.0,0.0,0.0,1.0,0.0,0.0,0.0,36490000.0
462,54.0,1.8,16.0,8.0,256.0,10.0,12.0,63.6,64.0,72.0,59.0,139.0,1.0,0.0,0.0,1.0,0.0,0.0,0.0,22990000.0
463,76.0,2.0,15.6,8.0,512.0,4.0,8.0,66.4,66.0,73.0,57.0,53.7,1.0,0.0,1.0,0.0,0.0,0.0,0.0,23790000.0
464,74.8,2.248,13.3,16.0,512.0,6.0,12.0,114.0,114.0,114.0,126.0,139.0,1.0,0.0,0.0,0.0,0.0,0.0,0.0,31990000.0
465,40.0,1.53,14.0,8.0,256.0,4.0,8.0,53.4,53.0,59.0,42.0,9.64,1.0,0.0,0.0,1.0,0.0,0.0,0.0,17390000.0
466,51.0,1.09,14.0,16.0,256.0,4.0,8.0,62.8,63.0,68.0,51.0,9.64,1.0,0.0,0.0,0.0,1.0,0.0,0.0,19990000.0
467,49.0,1.3,13.0,8.0,256.0,8.0,8.0,73.66,73.6,78.0,67.8,98.74,1.0,1.0,0.0,0.0,0.0,0.0,0.0,20690000.0
468,87.0,2.36,15.6,16.0,512.0,8.0,16.0,87.9,88.0,90.0,86.0,121.0,1.0,0.0,0.0,1.0,0.0,0.0,0.0,36990000.0
469,80.0,1.7,15.0,16.0,512.0,6.0,12.0,70.1,70.0,74.0,59.0,31.0,1.0,0.0,0.0,0.0,1.0,0.0,0.0,21990000.0
470,80.0,2.35,15.6,8.0,512.0,8.0,15.0,78.1,78.0,81.0,77.0,58.5,1.0,0.0,0.0,0.0,1.0,0.0,0.0,33990000.0
471,46.4,1.238,15.6,8.0,0.0,6.0,9.6,68.47999999999999,68.4,76.0,61.4,10.3,0.0,0.0,0.0,0.0,0.0,0.0,0.0,14490000.0
472,48.0,1.19,14.0,8.0,512.0,8.0,16.0,72.3,72.0,74.0,69.0,121.0,1.0,0.0,0.0,0.0,0.0,0.0,0.0,17490000.0
473,52.8,1.6640000000000001,13.3,8.0,256.0,10.0,12.0,63.6,64.0,72.0,59.0,139.0,0.0,0.0,0.0,0.0,0.0,0.0,0.0,20990000.0
474,57.0,1.8,15.0,32.0,256.0,6.0,12.0,70.7,71.0,74.0,60.0,76.2,1.0,0.0,0.0,1.0,0.0,0.0,0.0,32990000.0
475,76.0,2.0,15.6,8.0,512.0,6.8,12.4,78.5,78.6,81.2,70.2,88.6,0.0,0.0,1.0,0.0,0.0,0.0,0.0,29790000.0
476,76.6,2.31,17.0,16.0,512.0,12.0,20.0,114.0,114.0,114.0,126.0,139.0,0.0,0.0,0.0,0.0,0.0,0.0,0.0,31990000.0
477,60.0,2.0,15.6,16.0,512.0,7.6,11.2,69.55999999999999,69.4,75.4,62.8,58.5,0.0,0.0,0.0,0.0,1.0,0.0,0.0,24290000.0
478,48.0,2.3,17.3,8.0,512.0,6.0,12.0,74.5,74.0,78.0,69.0,58.0,1.0,0.0,1.0,0.0,0.0,0.0,0.0,21390000.0
479,52.8,1.6640000000000001,15.6,8.0,256.0,4.0,8.0,67.17999999999999,67.2,72.8,59.2,139.0,0.0,0.0,0.0,0.0,0.0,0.0,0.0,20990000.0
480,80.0,2.0,15.6,16.0,512.0,11.2,16.0,83.0,83.0,87.0,81.4,58.5,0.0,0.0,0.0,0.0,1.0,0.0,0.0,30990000.0
481,37.0,1.446,15.6,4.0,512.0,2.0,4.0,49.6,50.0,61.0,38.0,82.726,0.0,0.0,1.0,0.0,0.0,0.0,0.0,10390000.0
482,56.0,2.0,15.6,8.0,512.0,8.4,14.4,78.44,78.4,82.2,74.4,58.5,0.0,0.0,1.0,0.0,0.0,0.0,0.0,27990000.0
483,41.0,1.0,15.6,8.0,256.0,4.0,8.0,51.1,51.0,57.0,41.0,112.0,0.0,0.0,0.0,1.0,0.0,0.0,0.0,13590000.0
484,62.0,1.0,13.4,16.0,512.0,9.6,14.8,82.24000000000001,82.0,85.8,78.6,125.32000000000001,0.0,0.0,1.0,0.0,0.0,0.0,0.0,38590000.0
485,42.0,1.0,15.6,8.0,512.0,12.0,16.0,72.4,72.0,78.0,70.0,88.6,0.0,0.0,1.0,0.0,0.0,0.0,0.0,16990000.0
486,54.0,1.95,16.0,16.0,512.0,12.0,16.0,73.8,74.0,80.0,70.0,139.0,1.0,0.0,0.0,1.0,0.0,0.0,0.0,31990000.0
487,36.0,1.0,15.6,8.0,256.0,4.0,8.0,68.96000000000001,68.8,72.6,62.0,139.0,0.0,0.0,0.0,0.0,0.0,0.0,0.0,16990000.0
488,75.0,1.4,14.0,16.0,1024.0,14.0,20.0,80.7,81.0,87.0,81.0,139.0,1.0,0.0,0.0,0.0,1.0,0.0,0.0,51990000.0
489,50.0,1.53,14.0,16.0,512.0,4.0,8.0,60.9,61.0,69.0,51.0,139.0,1.0,0.0,0.0,0.0,1.0,0.0,0.0,22990000.0
490,47.8,1.4579999999999997,14.0,8.0,512.0,6.0,12.0,68.66,68.2,73.0,60.8,121.0,0.0,0.0,0.0,0.0,0.0,0.0,0.0,15290000.0
491,80.0,1.199,16.0,16.0,256.0,12.0,16.0,72.4,72.0,78.0,70.0,139.0,1.0,0.0,0.0,0.0,0.0,0.0,0.0,37890000.0
492,49.5,0.736,13.0,16.0,1024.0,10.0,12.0,54.2,54.0,64.0,49.0,139.0,1.0,0.0,0.0,1.0,0.0,0.0,0.0,47990000.0
493,56.0,1.26,13.3,8.0,512.0,4.0,8.0,63.2,63.0,71.0,52.0,139.0,1.0,0.0,0.0,0.0,1.0,0.0,0.0,16590000.0
494,56.0,2.2,15.6,8.0,512.0,8.0,16.0,79.6,80.0,82.0,79.0,58.5,1.0,0.0,1.0,0.0,0.0,0.0,0.0,21990000.0
495,78.6,1.73,15.6,32.0,1024.0,10.8,18.4,93.2,93.2,95.2,95.8,76.58,0.0,0.0,0.0,1.0,0.0,0.0,0.0,55990000.0
496,56.0,2.0,15.6,8.0,512.0,8.0,16.0,62.61999999999999,62.4,68.4,53.8,42.3,0.0,0.0,1.0,0.0,0.0,0.0,0.0,19090000.0
497,45.0,1.0,15.6,8.0,512.0,4.0,8.0,61.86,61.8,68.6,52.8,65.2,0.0,0.0,0.0,1.0,0.0,0.0,0.0,15990000.0
498,59.0,1.39,14.0,16.0,1024.0,6.0,12.0,68.5,69.0,71.0,62.0,77.3,1.0,0.0,0.0,0.0,0.0,0.0,0.0,29990000.0
499,80.4,2.0,15.6,16.0,1024.0,8.0,16.0,87.9,88.0,90.0,86.0,139.0,0.0,0.0,0.0,0.0,0.0,0.0,0.0,58990000.0
500,57.5,2.5,15.6,16.0,512.0,12.0,16.0,94.8,95.0,97.0,94.0,58.5,1.0,0.0,0.0,0.0,0.0,0.0,0.0,21990000.0
501,38.0,1.0,15.6,8.0,512.0,4.0,8.0,60.2,60.0,67.0,50.0,139.0,0.0,0.0,0.0,0.0,0.0,1.0,0.0,13990000.0
502,57.5,2.0,15.6,8.0,512.0,6.0,12.0,74.5,74.0,78.0,69.0,112.0,0.0,0.0,0.0,0.0,0.0,0.0,0.0,12990000.0
503,40.0,1.16,13.0,8.0,512.0,4.0,8.0,63.2,63.0,71.0,52.0,139.0,1.0,0.0,0.0,1.0,0.0,0.0,0.0,26990000.0
504,36.7,1.0,15.6,4.0,256.0,2.0,4.0,49.6,50.0,61.0,38.0,112.0,0.0,0.0,0.0,0.0,0.0,0.0,0.0,9990000.0
505,99.0,2.0,15.6,16.0,512.0,8.0,16.0,87.9,88.0,90.0,86.0,88.6,1.0,0.0,0.0,0.0,0.0,0.0,0.0,33990000.0
506,40.94,1.0,15.6,4.0,256.0,2.0,4.0,90.6,91.0,88.0,75.0,112.0,0.0,0.0,0.0,0.0,0.0,0.0,0.0,9390000.0
507,64.0,1.68,14.0,16.0,512.0,12.0,16.0,94.8,95.0,97.0,94.0,139.0,1.0,0.0,0.0,1.0,0.0,0.0,0.0,28990000.0
508,52.0,1.16,13.3,8.0,256.0,4.0,8.0,63.2,63.0,71.0,52.0,139.0,1.0,0.0,0.0,1.0,0.0,0.0,0.0,22490000.0
509,41.0,1.0,15.6,8.0,512.0,6.8,10.8,67.96000000000001,67.8,72.0,61.2,139.0,0.0,0.0,0.0,0.0,0.0,0.0,0.0,17490000.0
510,46.0,1.488,14.0,8.0,256.0,4.0,8.0,61.6,61.4,68.8,52.0,139.0,0.0,0.0,0.0,0.0,0.0,0.0,0.0,13990000.0
511,48.8,1.9,16.0,16.0,512.0,8.0,16.0,75.1,75.0,78.0,72.0,42.9,1.0,0.0,0.0,0.0,1.0,0.0,0.0,23390000.0
512,61.0,1.1,14.0,16.0,512.0,8.0,16.0,70.6,71.0,73.0,68.0,121.0,1.0,0.0,0.0,0.0,1.0,0.0,0.0,29990000.0
513,80.0,2.4,15.6,8.0,512.0,6.0,12.0,76.8,77.0,81.0,72.0,58.5,1.0,0.0,0.0,0.0,1.0,0.0,0.0,31900000.0
514,75.0,1.9,16.0,16.0,512.0,6.0,12.0,73.0,73.0,76.0,67.0,42.9,1.0,0.0,0.0,0.0,1.0,0.0,0.0,21590000.0
515,73.64,2.034,17.0,16.0,256.0,6.0,6.0,93.2,93.0,95.0,77.0,139.0,0.0,1.0,0.0,0.0,0.0,0.0,0.0,39990000.0
516,65.0,1.422,17.3,16.0,1024.0,8.0,16.0,74.79999999999998,74.6,79.2,66.6,80.928,0.0,0.0,0.0,0.0,0.0,0.0,0.0,24990000.0
517,62.0,1.9856000000000003,13.4,16.0,512.0,8.0,16.0,79.6,80.0,82.0,79.0,52.0,1.0,0.0,1.0,0.0,0.0,0.0,0.0,41990000.0
518,57.0,1.13,14.0,16.0,512.0,4.0,8.0,63.2,63.0,71.0,52.0,139.0,1.0,0.0,0.0,0.0,1.0,0.0,0.0,27990000.0
519,71.0,2.1,15.6,8.0,512.0,8.0,16.0,78.2,78.0,81.0,76.0,121.0,1.0,0.0,0.0,0.0,0.0,0.0,0.0,49990000.0
520,66.0,1.53,15.6,8.0,512.0,14.0,20.0,98.1,98.0,100.0,104.0,58.5,0.0,0.0,1.0,0.0,0.0,0.0,0.0,26790000.0
521,54.4,2.0,15.6,8.0,512.0,8.8,13.2,81.88,81.8,85.4,76.2,88.6,0.0,0.0,1.0,0.0,0.0,0.0,0.0,28490000.0
522,75.0,1.0,16.0,16.0,512.0,9.2,13.6,79.16,79.0,84.6,75.2,42.3,0.0,0.0,0.0,0.0,1.0,0.0,0.0,25990000.0
523,50.0,2.0,15.6,8.0,512.0,6.0,12.0,73.85999999999999,73.8,77.0,68.4,53.7,0.0,0.0,0.0,0.0,0.0,0.0,0.0,17990000.0
524,66.4,1.5779999999999998,15.6,16.0,512.0,8.0,16.0,87.9,88.0,90.0,86.0,87.0,0.0,0.0,0.0,0.0,0.0,0.0,0.0,27990000.0
525,44.792,1.0,15.6,8.0,256.0,10.0,12.0,63.6,64.0,72.0,59.0,30.1,0.0,0.0,0.0,0.0,0.0,0.0,0.0,18390000.0
526,80.0,2.0,15.6,16.0,512.0,14.0,20.0,98.1,98.0,100.0,104.0,88.6,0.0,0.0,0.0,0.0,1.0,0.0,0.0,37490000.0
527,69.2,1.2719999999999998,14.0,8.0,512.0,10.0,12.0,65.2,65.0,75.0,59.0,139.0,0.0,0.0,0.0,1.0,0.0,0.0,0.0,24690000.0
528,80.0,2.01,15.6,32.0,1024.0,8.0,16.0,90.7,91.0,92.0,91.0,112.0,1.0,0.0,0.0,0.0,0.0,0.0,1.0,114990000.0
529,60.4,1.642,16.0,16.0,256.0,6.0,6.0,93.2,93.0,95.0,77.0,139.0,0.0,0.0,0.0,0.0,0.0,0.0,0.0,38490000.0
530,56.0,2.0,15.6,8.0,256.0,6.4,11.2,69.53999999999999,69.4,74.4,62.6,58.5,0.0,0.0,0.0,1.0,0.0,0.0,0.0,18990000.0
531,52.0,1.4780000000000002,15.6,8.0,512.0,6.0,12.0,69.5,69.0,71.0,63.0,121.0,1.0,0.0,0.0,0.0,0.0,0.0,0.0,15490000.0
532,56.0,2.15,16.0,16.0,1024.0,8.0,16.0,87.9,88.0,90.0,86.0,112.0,1.0,0.0,0.0,1.0,0.0,0.0,0.0,21990000.0
533,42.0,1.3699999999999999,15.6,8.0,512.0,3.6,7.2,56.760000000000005,56.6,63.6,45.8,100.97999999999999,0.0,0.0,0.0,0.0,1.0,0.0,0.0,12690000.0
534,48.0,1.7,15.0,8.0,512.0,4.0,8.0,60.2,60.0,67.0,50.0,139.0,1.0,0.0,0.0,0.0,0.0,0.0,0.0,18590000.0
535,99.0,2.2,15.6,16.0,1024.0,8.0,16.0,87.9,88.0,90.0,86.0,128.0,1.0,0.0,0.0,0.0,0.0,0.0,0.0,59990000.0
536,35.0,1.69,15.6,8.0,256.0,2.0,4.0,46.9,47.0,55.0,34.0,112.0,1.0,0.0,0.0,0.0,1.0,0.0,0.0,12490000.0
537,90.0,2.4,16.0,16.0,1024.0,14.0,20.0,100.0,100.0,103.0,106.0,88.6,1.0,0.0,1.0,0.0,0.0,0.0,0.0,69990000.0
538,41.0,1.69,15.6,8.0,256.0,4.0,8.0,60.2,60.0,67.0,50.0,139.0,1.0,0.0,0.0,0.0,0.0,0.0,0.0,18990000.0
539,42.4,1.0,14.0,8.0,256.0,4.0,8.0,62.86,62.6,67.8,53.2,86.02799999999999,0.0,0.0,0.0,1.0,0.0,0.0,0.0,15990000.0
540,54.0,1.0,16.0,8.0,256.0,10.0,12.0,63.6,64.0,72.0,59.0,139.0,0.0,0.0,0.0,1.0,0.0,0.0,0.0,20590000.0
541,4.0,1.0,14.0,16.0,512.0,10.0,12.0,63.6,64.0,72.0,59.0,94.24,0.0,0.0,0.0,1.0,0.0,0.0,0.0,24390000.0
542,43.0,1.0,14.0,8.0,512.0,10.0,12.0,63.6,64.0,72.0,59.0,139.0,0.0,0.0,0.0,0.0,0.0,0.0,0.0,19490000.0
543,54.0,1.43,14.0,8.0,256.0,6.0,12.0,69.5,69.0,71.0,63.0,121.0,1.0,0.0,0.0,1.0,0.0,0.0,0.0,15790000.0
544,48.7,2.0,15.6,16.0,512.0,12.0,16.0,94.8,95.0,97.0,94.0,58.5,0.0,0.0,0.0,0.0,0.0,0.0,0.0,20490000.0
545,56.5,1.38,14.0,16.0,512.0,6.0,12.0,68.5,69.0,71.0,62.0,121.0,1.0,0.0,0.0,0.0,1.0,0.0,0.0,21990000.0
546,47.0,1.4999999999999998,14.0,8.0,512.0,10.0,12.0,63.6,64.0,72.0,59.0,139.0,0.0,0.0,0.0,0.0,0.0,0.0,0.0,15690000.0
547,47.2,1.0,14.0,8.0,256.0,4.0,8.0,60.8,60.6,69.0,50.4,55.056,0.0,0.0,0.0,1.0,0.0,0.0,0.0,14990000.0
548,67.0,0.99,13.0,16.0,1024.0,8.0,16.0,73.6,74.0,78.0,70.0,40.0,1.0,0.0,1.0,0.0,0.0,0.0,0.0,39990000.0
549,100.0,2.9,17.3,32.0,2048.0,8.0,16.0,93.0,93.0,95.0,94.0,112.0,1.0,0.0,0.0,0.0,0.0,0.0,0.0,109990000.0
550,76.0,2.0,16.0,16.0,256.0,14.0,20.0,98.1,98.0,100.0,104.0,58.5,0.0,0.0,0.0,0.0,0.0,0.0,0.0,33990000.0
551,63.0,1.6640000000000001,15.6,8.0,512.0,6.0,12.0,73.0,73.0,76.0,67.0,52.0,1.0,0.0,1.0,0.0,0.0,0.0,0.0,20990000.0
552,56.0,1.25,13.3,16.0,1024.0,10.0,12.0,54.2,54.0,64.0,49.0,139.0,1.0,0.0,0.0,0.0,1.0,0.0,0.0,31990000.0
553,99.0,2.2,15.6,16.0,512.0,8.0,16.0,87.9,88.0,90.0,86.0,128.0,1.0,0.0,0.0,0.0,0.0,0.0,0.0,31990000.0
554,56.839999999999996,1.0,16.0,16.0,512.0,12.0,16.0,72.4,72.0,78.0,70.0,112.0,0.0,0.0,0.0,1.0,0.0,0.0,0.0,22990000.0
555,42.0,0.8,13.0,8.0,512.0,4.0,8.0,53.4,53.0,59.0,42.0,9.64,1.0,0.0,0.0,0.0,1.0,0.0,0.0,21190000.0
556,37.0,1.8,15.6,8.0,256.0,2.0,4.0,90.6,91.0,88.0,75.0,112.0,1.0,0.0,1.0,0.0,0.0,0.0,0.0,8990000.0
557,36.0,1.0,15.6,8.0,512.0,4.0,8.0,51.1,51.0,57.0,41.0,52.0,0.0,0.0,0.0,0.0,0.0,0.0,0.0,13490000.0
558,48.0,1.2399999999999998,13.3,8.0,256.0,4.0,8.0,64.12,64.0,69.6,56.0,139.0,0.0,0.0,0.0,0.0,0.0,0.0,0.0,15990000.0
559,86.798,2.328,17.0,32.0,512.0,8.0,16.0,89.2,89.0,92.0,88.0,87.0,0.0,0.0,0.0,1.0,0.0,0.0,0.0,64990000.0
560,99.9,2.35,15.6,32.0,1024.0,16.0,24.0,103.0,103.0,106.0,116.0,121.0,1.0,0.0,0.0,0.0,0.0,0.0,0.0,79990000.0
561,46.1,1.208,16.0,8.0,512.0,5.2,8.8,67.84,68.0,75.8,57.4,121.0,0.0,0.0,1.0,0.0,0.0,0.0,0.0,15890000.0
562,70.0,1.0,15.6,8.0,512.0,5.2,8.8,65.94,65.8,70.8,56.6,121.0,0.0,0.0,1.0,0.0,0.0,0.0,0.0,17690000.0
563,37.0,1.28,14.0,8.0,512.0,4.0,8.0,49.4,49.0,53.0,41.0,10.3,1.0,0.0,0.0,0.0,0.0,0.0,0.0,15990000.0
564,56.5,1.0,14.0,16.0,512.0,5.6,9.6,66.58,66.6,74.0,57.0,121.0,0.0,0.0,0.0,0.0,1.0,0.0,0.0,15990000.0
565,80.0,2.0,15.6,8.0,512.0,12.0,16.0,94.8,95.0,97.0,94.0,58.5,0.0,0.0,0.0,0.0,1.0,0.0,0.0,26990000.0
566,76.0,1.6,14.0,8.0,512.0,8.0,16.0,73.6,74.0,75.0,73.0,53.7,1.0,0.0,1.0,0.0,0.0,0.0,0.0,32990000.0
567,60.0,1.916,14.0,16.0,256.0,10.0,12.0,73.1,73.0,83.0,66.0,139.0,1.0,0.0,0.0,1.0,0.0,0.0,0.0,49990000.0
568,54.0,1.18,13.3,8.0,256.0,4.0,8.0,60.2,60.0,67.0,50.0,139.0,1.0,0.0,0.0,0.0,0.0,0.0,0.0,12990000.0
569,37.0,1.48,14.0,8.0,256.0,2.0,4.0,38.2,38.0,44.0,28.0,121.0,1.0,0.0,1.0,0.0,0.0,0.0,0.0,11990000.0
570,40.0,1.16,13.0,8.0,512.0,4.0,8.0,60.2,60.0,67.0,50.0,139.0,1.0,0.0,0.0,1.0,0.0,0.0,0.0,20390000.0
571,51.0,1.1,14.0,16.0,256.0,4.0,8.0,59.6,60.0,66.0,47.0,9.64,1.0,0.0,0.0,0.0,1.0,0.0,0.0,17690000.0
572,36.0,1.48,15.6,4.0,512.0,2.0,4.0,51.1,51.0,57.0,41.0,15.0,1.0,0.0,0.0,0.0,0.0,0.0,0.0,11990000.0
573,60.0,2.0,15.6,8.0,512.0,6.4,10.4,70.97999999999999,70.6,77.6,63.4,58.5,0.0,0.0,0.0,0.0,1.0,0.0,0.0,23790000.0
574,87.0,2.19,16.0,8.0,512.0,10.0,12.0,63.6,64.0,72.0,59.0,139.0,1.0,0.0,0.0,1.0,0.0,0.0,0.0,21990000.0
575,82.6,2.1246,16.1,32.0,2048.0,14.0,20.0,100.0,100.0,103.0,106.0,121.0,1.0,0.0,0.0,0.0,0.0,0.0,0.0,45000000.0
576,57.0,1.8,15.0,64.0,2048.0,6.0,12.0,81.7,82.0,85.0,72.0,44.4,1.0,0.0,0.0,1.0,0.0,0.0,0.0,29990000.0
577,56.0,2.8,15.6,8.0,256.0,6.0,12.0,73.0,73.0,76.0,67.0,58.0,1.0,0.0,0.0,1.0,0.0,0.0,0.0,23490000.0
578,57.0,2.3,15.6,8.0,512.0,8.0,16.0,87.9,88.0,90.0,86.0,58.0,1.0,0.0,0.0,0.0,0.0,0.0,0.0,33990000.0
579,45.6,1.652,14.0,8.0,256.0,12.0,16.0,94.8,95.0,97.0,94.0,139.0,0.0,0.0,1.0,0.0,0.0,0.0,0.0,18490000.0
580,80.0,1.7,15.0,16.0,512.0,6.0,12.0,73.3,73.0,76.0,62.0,42.9,1.0,0.0,0.0,0.0,1.0,0.0,0.0,31990000.0
581,41.0,1.0,15.6,8.0,256.0,7.2,11.2,66.92,66.6,73.4,59.8,139.0,0.0,0.0,0.0,0.0,0.0,0.0,0.0,16490000.0
582,83.0,2.37,16.1,16.0,512.0,8.0,16.0,87.9,88.0,90.0,86.0,112.0,1.0,0.0,0.0,0.0,0.0,0.0,0.0,48990000.0
583,41.0,1.69,15.6,8.0,512.0,10.0,12.0,63.6,64.0,72.0,59.0,139.0,1.0,0.0,0.0,0.0,0.0,0.0,0.0,17890000.0
584,40.0,1.4,14.0,16.0,512.0,6.0,6.0,71.4,71.0,73.0,59.0,121.0,1.0,0.0,0.0,1.0,0.0,0.0,0.0,13990000.0
585,90.0,2.7,17.3,16.0,512.0,8.0,16.0,75.1,75.0,78.0,72.0,121.0,1.0,0.0,1.0,0.0,0.0,0.0,0.0,41990000.0
586,41.08,1.0,15.6,4.0,256.0,2.0,4.0,90.6,91.0,88.0,75.0,112.0,0.0,0.0,0.0,0.0,0.0,0.0,0.0,9990000.0
587,45.0,2.0,15.0,8.0,512.0,6.0,6.0,71.4,71.0,73.0,59.0,121.0,1.0,0.0,0.0,0.0,0.0,0.0,0.0,17490000.0
588,90.0,2.0,16.0,16.0,1024.0,14.0,20.0,98.1,98.0,100.0,104.0,88.6,0.0,0.0,0.0,0.0,0.0,0.0,0.0,56990000.0
589,99.0,2.3,16.0,16.0,2048.0,14.0,20.0,98.1,98.0,100.0,104.0,121.0,1.0,0.0,0.0,0.0,0.0,0.0,0.0,59990000.0
590,56.0,1.38,14.0,8.0,256.0,4.8,8.8,49.6,50.0,61.0,38.0,112.0,1.0,0.0,0.0,0.0,0.0,0.0,0.0,13990000.0
591,42.0,1.96,15.6,8.0,256.0,2.0,4.0,49.6,50.0,61.0,38.0,5.0,1.0,0.0,0.0,1.0,0.0,0.0,0.0,9990000.0
592,45.0,2.25,15.6,8.0,256.0,6.0,12.0,73.0,73.0,76.0,67.0,58.5,1.0,0.0,0.0,0.0,1.0,0.0,0.0,18490000.0
593,36.7,1.35,14.0,8.0,256.0,4.0,8.0,74.2,74.0,79.0,60.0,1.58,1.0,0.0,0.0,0.0,0.0,0.0,0.0,12990000.0
594,82.0,1.8192,16.0,16.0,1024.0,4.0,8.0,67.3,67.0,77.0,56.0,52.0,1.0,0.0,0.0,0.0,0.0,0.0,0.0,46990000.0
595,51.0,1.3,13.0,16.0,512.0,4.0,8.0,53.2,53.0,59.0,43.0,11.0,1.0,0.0,0.0,1.0,0.0,0.0,0.0,29990000.0
596,70.0,1.7,15.6,8.0,512.0,12.0,16.0,94.8,95.0,97.0,94.0,139.0,1.0,0.0,1.0,0.0,0.0,0.0,0.0,19990000.0
597,75.0,1.0,16.0,16.0,512.0,9.6,14.4,84.82000000000001,85.0,88.0,81.2,42.3,0.0,1.0,0.0,0.0,1.0,0.0,0.0,26490000.0
598,52.8,1.75,15.6,8.0,256.0,4.0,8.0,73.0,73.0,80.0,62.0,139.0,1.0,0.0,0.0,1.0,0.0,0.0,0.0,20990000.0
599,43.0,1.48,14.0,8.0,256.0,6.0,8.0,68.5,68.0,78.0,59.0,139.0,1.0,0.0,0.0,0.0,0.0,0.0,0.0,13490000.0
600,45.0,1.28,14.0,16.0,256.0,4.0,8.0,60.2,60.0,67.0,50.0,16.2,1.0,0.0,0.0,0.0,1.0,0.0,0.0,27990000.0
601,56.0,2.0,15.6,8.0,512.0,5.6,11.2,70.26,70.0,74.2,62.8,58.5,0.0,0.0,1.0,0.0,0.0,0.0,0.0,21490000.0
602,71.0,1.722,15.6,12.0,512.0,4.0,8.0,63.2,63.0,71.0,52.0,139.0,0.0,0.0,0.0,0.0,1.0,0.0,0.0,21990000.0
603,68.3,1.5459999999999998,14.0,16.0,256.0,4.0,8.0,60.9,61.0,69.0,51.0,139.0,0.0,0.0,0.0,1.0,0.0,0.0,0.0,28990000.0
604,36.0,0.99,14.0,16.0,512.0,4.0,8.0,67.3,67.0,77.0,56.0,139.0,1.0,0.0,0.0,0.0,0.0,0.0,0.0,23890000.0
605,54.3,1.5,15.6,16.0,512.0,12.0,16.0,94.8,95.0,97.0,94.0,53.7,0.0,0.0,0.0,0.0,0.0,0.0,0.0,22990000.0
606,49.0,2.2,15.6,16.0,512.0,6.0,12.0,69.74,69.6,73.8,63.8,128.0,1.0,0.0,0.0,0.0,0.0,0.0,0.0,21990000.0
607,52.6,1.3519999999999999,14.0,16.0,512.0,4.0,8.0,73.0,73.0,80.0,62.0,108.97999999999999,0.0,0.0,0.0,1.0,0.0,0.0,0.0,16990000.0
608,58.2,1.4,13.3,8.0,512.0,8.0,15.2,91.25999999999999,91.2,93.4,88.2,85.02,1.0,1.0,0.0,0.0,0.0,0.0,0.0,39990000.0
609,49.6,0.97,13.0,16.0,1024.0,12.0,16.0,73.8,74.0,80.0,70.0,139.0,1.0,0.0,0.0,0.0,1.0,0.0,0.0,39990000.0
610,68.8,1.4,14.0,16.0,512.0,4.0,8.0,67.3,67.0,77.0,56.0,139.0,0.0,0.0,0.0,0.0,0.0,1.0,0.0,25990000.0
611,54.7,1.34,13.3,16.0,512.0,8.0,16.0,72.8,73.0,77.0,67.0,121.0,1.0,0.0,0.0,0.0,1.0,0.0,0.0,22990000.0
612,51.0,1.86,15.6,8.0,512.0,6.0,12.0,74.5,74.0,78.0,69.0,36.2,1.0,0.0,0.0,0.0,0.0,0.0,0.0,20490000.0
613,44.0,1.538,14.0,8.0,512.0,8.0,16.0,72.3,72.0,74.0,69.0,121.0,1.0,0.0,0.0,0.0,1.0,0.0,0.0,18690000.0
614,90.0,3.0,17.3,32.0,2048.0,16.0,24.0,103.0,103.0,106.0,116.0,139.0,1.0,0.0,1.0,0.0,0.0,0.0,0.0,110990000.0
615,50.4,1.3199999999999998,15.6,16.0,512.0,4.0,8.0,68.66,68.2,73.0,60.8,93.46000000000001,0.0,0.0,0.0,1.0,0.0,0.0,0.0,15290000.0
616,49.0,2.2,15.6,16.0,512.0,8.0,16.0,87.9,88.0,90.0,86.0,88.6,1.0,0.0,0.0,0.0,0.0,0.0,0.0,32900000.0
617,64.9,1.64,15.6,8.0,512.0,14.0,20.0,98.1,98.0,100.0,104.0,58.5,0.0,0.0,0.0,0.0,0.0,0.0,0.0,28690000.0
618,96.0,2.0,16.0,16.0,1024.0,14.0,20.0,98.1,98.0,100.0,104.0,139.0,1.0,0.0,1.0,0.0,0.0,0.0,0.0,42990000.0
619,43.0,1.0,14.0,8.0,512.0,10.0,12.0,63.6,64.0,72.0,59.0,139.0,0.0,0.0,0.0,0.0,0.0,0.0,0.0,17290000.0
620,51.0,1.77,15.6,8.0,256.0,6.0,12.0,70.3,70.0,73.0,64.0,121.0,1.0,0.0,0.0,0.0,0.0,0.0,0.0,15990000.0
621,75.0,1.5,16.0,8.0,512.0,5.2,8.8,62.08,62.0,69.6,52.6,10.3,0.0,0.0,0.0,0.0,1.0,0.0,0.0,15690000.0
622,60.0,2.4,15.6,8.0,512.0,4.0,8.0,74.5,74.0,78.0,69.0,58.5,1.0,0.0,0.0,0.0,1.0,0.0,0.0,31990000.0
623,58.0,1.743,14.4,16.0,512.0,4.0,8.0,66.4,66.0,73.0,57.0,139.0,1.0,0.0,0.0,0.0,0.0,1.0,0.0,3790000.0
624,78.3,2.0,15.6,16.0,1024.0,14.0,20.0,98.1,98.0,100.0,104.0,121.0,0.0,0.0,0.0,0.0,0.0,0.0,0.0,48990000.0
625,45.0,1.318,15.6,8.0,256.0,7.6,12.0,67.66000000000001,67.6,73.0,61.0,58.5,0.0,0.0,0.0,0.0,1.0,0.0,0.0,16790000.0
626,41.0,1.9,15.6,8.0,256.0,4.4,8.8,68.5,68.0,78.0,59.0,112.0,1.0,0.0,0.0,1.0,0.0,0.0,0.0,15190000.0
627,45.0,2.0,15.0,8.0,512.0,8.0,8.0,75.2,75.0,76.0,67.0,121.0,1.0,0.0,0.0,0.0,0.0,0.0,0.0,20790000.0
628,42.6,1.55,15.6,4.0,512.0,2.0,4.0,38.2,38.0,44.0,28.0,121.0,1.0,0.0,1.0,0.0,0.0,0.0,0.0,12490000.0
629,80.0,2.0,16.0,16.0,512.0,14.0,20.0,98.1,98.0,100.0,104.0,88.6,0.0,0.0,0.0,0.0,1.0,0.0,0.0,40990000.0
630,80.0,2.5,16.0,16.0,1024.0,8.0,16.0,75.1,75.0,78.0,72.0,121.0,1.0,0.0,0.0,0.0,1.0,0.0,0.0,51990000.0
631,58.2,1.4,13.3,8.0,256.0,8.0,12.0,74.12,74.2,77.8,69.2,97.28,1.0,1.0,0.0,0.0,0.0,0.0,0.0,34990000.0
632,58.2,1.4,13.3,8.0,512.0,8.0,15.2,91.25999999999999,91.2,93.4,88.2,85.02,1.0,1.0,0.0,0.0,0.0,0.0,0.0,39990000.0
633,61.0,1.1,14.0,16.0,1024.0,8.0,16.0,70.6,71.0,73.0,68.0,21.5,1.0,0.0,0.0,0.0,1.0,0.0,0.0,29790000.0
634,54.0,1.44,14.0,8.0,256.0,6.0,12.0,69.5,69.0,71.0,63.0,121.0,1.0,0.0,0.0,1.0,0.0,0.0,0.0,15790000.0
635,86.0,1.83,15.0,16.0,256.0,6.0,12.0,76.8,77.0,80.0,67.0,42.0,1.0,0.0,0.0,1.0,0.0,0.0,0.0,27990000.0
636,49.2,2.0,15.6,8.0,256.0,6.0,12.0,74.5,74.0,78.0,69.0,42.3,0.0,0.0,0.0,0.0,0.0,0.0,0.0,15590000.0
637,76.0,2.0,15.6,8.0,512.0,8.0,12.0,82.4,82.0,87.0,77.0,58.5,1.0,0.0,1.0,0.0,0.0,0.0,0.0,27990000.0
638,80.0,2.0,16.0,16.0,512.0,14.0,20.0,98.1,98.0,100.0,104.0,121.0,0.0,0.0,0.0,0.0,1.0,0.0,0.0,48990000.0
639,51.0,1.3,13.0,8.0,256.0,4.0,8.0,60.2,60.0,67.0,50.0,10.0,1.0,0.0,0.0,0.0,0.0,0.0,0.0,21990000.0
640,42.0,1.5,14.0,4.0,512.0,2.0,4.0,54.8,55.0,63.4,42.8,112.0,1.0,0.0,1.0,0.0,0.0,0.0,0.0,9990000.0
641,51.0,1.09,14.0,16.0,512.0,4.0,8.0,53.4,53.0,59.0,42.0,9.64,1.0,0.0,0.0,0.0,1.0,0.0,0.0,24990000.0
642,41.0,1.0,15.6,8.0,256.0,6.0,8.0,68.5,68.0,78.0,59.0,112.0,0.0,0.0,0.0,0.0,0.0,0.0,0.0,13690000.0
643,70.0,2.3,16.1,16.0,512.0,8.0,16.0,75.1,75.0,78.0,72.0,58.0,1.0,0.0,0.0,0.0,0.0,0.0,0.0,31990000.0
644,49.9,1.29,13.3,8.0,256.0,8.0,8.0,53.0,53.2,59.6,44.4,87.52799999999999,1.0,1.0,0.0,0.0,0.0,0.0,0.0,22990000.0
645,60.0,1.36,14.0,8.0,512.0,4.0,8.0,60.2,60.0,67.0,50.0,139.0,1.0,0.0,0.0,0.0,1.0,0.0,0.0,18890000.0
646,48.0,1.0,15.6,4.0,256.0,4.0,8.0,51.1,51.0,57.0,41.0,112.0,0.0,0.0,0.0,0.0,0.0,0.0,0.0,10590000.0
647,65.6,1.6060000000000003,15.6,8.0,512.0,14.0,20.0,98.1,98.0,100.0,104.0,58.5,0.0,0.0,1.0,0.0,0.0,0.0,0.0,26990000.0
648,45.0,1.0,15.6,8.0,512.0,6.0,8.0,68.5,68.0,78.0,59.0,112.0,0.0,0.0,0.0,0.0,1.0,0.0,0.0,13290000.0
649,86.0,2.81,15.6,16.0,1024.0,8.0,16.0,87.9,88.0,90.0,86.0,128.0,1.0,0.0,0.0,1.0,0.0,0.0,0.0,43990000.0
650,90.0,1.0,15.6,16.0,256.0,11.6,16.8,79.23999999999998,79.2,83.8,78.2,88.6,0.0,0.0,1.0,0.0,0.0,0.0,0.0,42690000.0
651,56.0,1.18,13.4,16.0,512.0,14.0,20.0,98.1,98.0,100.0,104.0,53.7,1.0,0.0,1.0,0.0,0.0,0.0,0.0,49990000.0
652,56.0,1.49,14.0,16.0,512.0,6.0,12.0,69.5,69.0,71.0,63.0,121.0,1.0,0.0,0.0,0.0,0.0,0.0,0.0,21990000.0
653,36.8,1.3279999999999998,15.6,8.0,256.0,10.0,12.0,63.6,64.0,72.0,59.0,139.0,0.0,0.0,0.0,1.0,0.0,0.0,0.0,16590000.0
654,48.96,2.0,15.6,8.0,512.0,6.0,12.0,74.5,74.0,78.0,69.0,58.5,0.0,0.0,0.0,0.0,0.0,0.0,0.0,17690000.0
655,37.6,1.19,14.0,8.0,256.0,12.0,16.0,72.4,72.0,78.0,70.0,139.0,0.0,0.0,1.0,0.0,0.0,0.0,0.0,16490000.0
656,70.0,1.6,14.0,8.0,256.0,12.0,16.0,94.8,95.0,97.0,94.0,139.0,1.0,0.0,1.0,0.0,0.0,0.0,0.0,19990000.0
657,90.0,1.0,15.6,32.0,1024.0,10.4,17.6,90.53999999999999,90.6,92.8,91.0,128.0,0.0,0.0,1.0,0.0,0.0,0.0,0.0,66990000.0
658,69.0,2.0300000000000002,15.6,8.0,512.0,9.2,15.2,81.64000000000001,81.6,84.8,78.8,121.0,0.0,0.0,1.0,0.0,0.0,0.0,0.0,37990000.0
659,80.0,1.199,16.0,16.0,512.0,12.0,16.0,72.4,72.0,78.0,70.0,139.0,1.0,0.0,0.0,0.0,0.0,0.0,0.0,42990000.0
660,53.8,1.0,15.6,8.0,512.0,4.0,8.0,60.8,60.6,69.0,50.4,8.98,0.0,0.0,1.0,0.0,0.0,0.0,0.0,14990000.0
661,65.0,2.9,17.3,16.0,1024.0,8.0,16.0,87.9,88.0,90.0,86.0,112.0,1.0,0.0,0.0,0.0,0.0,0.0,0.0,52990000.0
662,37.0,1.28,14.0,8.0,1024.0,4.0,8.0,56.4,56.0,62.0,44.0,9.64,1.0,0.0,0.0,0.0,0.0,0.0,0.0,13990000.0
663,80.0,2.45,16.0,32.0,2048.0,8.0,16.0,75.1,75.0,78.0,72.0,121.0,1.0,0.0,0.0,0.0,1.0,0.0,0.0,41990000.0
664,99.0,3.3,17.3,64.0,2048.0,16.0,24.0,103.0,103.0,106.0,116.0,139.0,1.0,0.0,0.0,0.0,0.0,0.0,0.0,139990000.0
665,41.0,1.0,15.6,8.0,512.0,10.0,12.0,63.6,64.0,72.0,59.0,112.0,0.0,0.0,0.0,1.0,0.0,0.0,0.0,17490000.0
666,52.0,1.35,14.5,8.0,512.0,4.0,8.0,63.2,63.0,71.0,52.0,139.0,1.0,0.0,0.0,1.0,0.0,0.0,0.0,21990000.0
667,42.0,1.4,14.0,4.0,128.0,2.0,4.0,90.6,91.0,88.0,75.0,112.0,1.0,0.0,1.0,0.0,0.0,0.0,0.0,10990000.0
668,75.0,1.39,14.0,8.0,512.0,12.0,16.0,72.4,72.0,78.0,70.0,139.0,1.0,0.0,1.0,0.0,0.0,0.0,0.0,24990000.0
669,70.0,1.532,14.0,16.0,1024.0,4.0,8.0,63.2,63.0,71.0,52.0,139.0,1.0,0.0,1.0,0.0,0.0,0.0,0.0,39990000.0
670,45.0,1.39,14.0,8.0,512.0,8.0,16.0,72.3,72.0,74.0,69.0,121.0,1.0,0.0,0.0,0.0,1.0,0.0,0.0,18690000.0
671,56.0,1.19,15.0,16.0,512.0,4.0,8.0,60.2,60.0,67.0,50.0,139.0,1.0,0.0,0.0,0.0,0.0,0.0,0.0,22990000.0
672,54.0,1.65,14.0,8.0,256.0,6.0,12.0,69.5,69.0,71.0,63.0,121.0,1.0,0.0,0.0,1.0,0.0,0.0,0.0,19990000.0
673,75.0,1.9,16.0,16.0,512.0,8.0,16.0,78.1,78.0,81.0,77.0,58.5,1.0,0.0,0.0,0.0,1.0,0.0,0.0,31990000.0
674,70.0,1.0,15.6,16.0,512.0,7.6,10.8,74.8,74.6,79.2,66.6,58.5,0.0,0.0,1.0,0.0,0.0,0.0,0.0,25390000.0
675,80.0,2.4,15.6,8.0,512.0,6.0,12.0,73.0,73.0,76.0,67.0,72.6,1.0,0.0,0.0,0.0,1.0,0.0,0.0,33990000.0
676,49.6,0.97,13.0,16.0,512.0,14.0,20.0,73.8,74.0,80.0,70.0,139.0,1.0,0.0,0.0,0.0,1.0,0.0,0.0,46990000.0
677,60.0,1.36,14.0,8.0,512.0,4.0,8.0,63.2,63.0,71.0,52.0,139.0,1.0,0.0,0.0,0.0,1.0,0.0,0.0,27990000.0
678,56.5,1.0,14.0,16.0,512.0,7.2,11.2,68.24000000000001,68.2,73.2,62.4,10.0,0.0,0.0,0.0,0.0,1.0,0.0,0.0,20490000.0
679,56.0,1.26,13.3,8.0,512.0,4.0,8.0,60.2,60.0,67.0,50.0,139.0,1.0,0.0,0.0,0.0,1.0,0.0,0.0,24650000.0
680,48.0,1.0,14.0,4.0,256.0,2.0,4.0,46.9,47.0,55.0,34.0,82.726,0.0,0.0,1.0,0.0,0.0,0.0,0.0,10490000.0
681,39.3,1.7,15.6,8.0,512.0,6.0,12.0,67.96000000000001,67.8,72.0,61.2,121.0,1.0,0.0,0.0,0.0,0.0,0.0,0.0,17490000.0
682,75.0,1.0,14.0,16.0,512.0,7.6,12.8,78.2,78.2,82.0,72.6,139.0,0.0,0.0,1.0,0.0,0.0,0.0,0.0,23990000.0
683,48.0,1.8,15.0,8.0,512.0,2.0,4.0,66.4,66.0,73.0,57.0,16.2,1.0,0.0,0.0,0.0,0.0,0.0,0.0,15990000.0
684,51.0,1.3,13.0,8.0,512.0,4.0,8.0,63.2,63.0,71.0,52.0,10.0,1.0,0.0,0.0,0.0,0.0,0.0,0.0,29990000.0
685,39.0,1.3,14.0,8.0,512.0,6.0,12.0,69.5,69.0,71.0,63.0,121.0,1.0,0.0,0.0,0.0,0.0,0.0,0.0,15490000.0
686,58.0,1.4,13.0,16.0,256.0,8.0,8.0,91.25999999999999,91.2,93.4,88.2,85.02000000000001,1.0,1.0,0.0,0.0,0.0,0.0,0.0,39990000.0
687,90.0,2.2,15.6,8.0,512.0,14.0,20.0,98.1,98.0,100.0,104.0,58.5,1.0,0.0,1.0,0.0,0.0,0.0,0.0,27390000.0
688,45.0,2.2,15.0,8.0,512.0,4.0,8.0,69.8,70.0,74.0,57.0,76.2,1.0,0.0,0.0,0.0,1.0,0.0,0.0,20990000.0
689,94.0,2.87,15.6,32.0,512.0,8.0,16.0,89.2,89.0,92.0,88.0,50.4,1.0,0.0,0.0,0.0,1.0,0.0,0.0,39990000.0
690,42.0,1.5,14.0,8.0,256.0,12.0,16.0,72.4,72.0,78.0,70.0,88.6,1.0,0.0,1.0,0.0,0.0,0.0,0.0,17290000.0
691,83.0,2.294,15.6,32.0,1024.0,14.0,20.0,100.0,100.0,103.0,106.0,139.0,0.0,0.0,1.0,0.0,0.0,0.0,0.0,71990000.0
692,39.0,1.3,14.0,8.0,256.0,2.0,4.0,49.6,50.0,61.0,38.0,112.0,1.0,0.0,0.0,0.0,0.0,0.0,0.0,10590000.0
693,50.5,1.634,15.6,8.0,512.0,12.0,16.0,94.8,95.0,97.0,94.0,58.5,0.0,0.0,0.0,0.0,0.0,1.0,0.0,23990000.0
694,45.0,1.29,15.0,8.0,128.0,4.0,8.0,68.47999999999999,68.4,76.0,61.4,82.2,1.0,0.0,0.0,0.0,0.0,0.0,0.0,14390000.0
695,60.0,1.36,14.0,16.0,256.0,4.0,8.0,59.6,60.0,66.0,47.0,9.64,1.0,0.0,0.0,1.0,0.0,0.0,0.0,15990000.0
696,60.0,1.71,16.0,16.0,512.0,8.0,12.0,82.4,82.0,87.0,77.0,112.0,1.0,0.0,0.0,0.0,0.0,0.0,0.0,22990000.0
697,84.8,2.1279999999999997,15.6,16.0,256.0,9.2,16.8,88.76000000000002,88.8,91.2,87.8,70.0,0.0,0.0,0.0,0.0,1.0,0.0,0.0,66990000.0
698,90.0,1.285,16.0,16.0,512.0,12.0,16.0,72.4,72.0,78.0,70.0,139.0,1.0,0.0,0.0,0.0,0.0,0.0,0.0,35990000.0
699,42.0,1.1,13.0,16.0,256.0,4.0,8.0,40.3,40.0,41.0,27.0,9.64,1.0,0.0,0.0,0.0,1.0,0.0,0.0,15990000.0
